202.3.218.138,,host,01.ayoblajar.com,
202.3.218.138,,host,02.ayoblajar.com,
202.3.218.138,,host,03.ayoblajar.com,
202.3.218.138,,host,1.ayoblajar.com,
202.3.218.138,,host,10.ayoblajar.com,
202.3.218.138,,host,11.ayoblajar.com,
202.3.218.138,,host,12.ayoblajar.com,
202.3.218.138,,host,13.ayoblajar.com,
202.3.218.138,,host,14.ayoblajar.com,
202.3.218.138,,host,15.ayoblajar.com,
202.3.218.138,,host,16.ayoblajar.com,
202.3.218.138,,host,17.ayoblajar.com,
202.3.218.138,,host,18.ayoblajar.com,
202.3.218.138,,host,19.ayoblajar.com,
202.3.218.138,,host,1rer.ayoblajar.com,
202.3.218.138,,host,2.ayoblajar.com,
202.3.218.138,,host,20.ayoblajar.com,
202.3.218.138,,host,2tty.ayoblajar.com,
202.3.218.138,,host,3.ayoblajar.com,
202.3.218.138,,host,3com.ayoblajar.com,
202.3.218.138,,host,4.ayoblajar.com,
202.3.218.138,,host,5.ayoblajar.com,
202.3.218.138,,host,6.ayoblajar.com,
202.3.218.138,,host,7.ayoblajar.com,
202.3.218.138,,host,8.ayoblajar.com,
202.3.218.138,,host,9.ayoblajar.com,
202.3.218.138,,host,a.ayoblajar.com,
202.3.218.138,,host,a.auth-ns.ayoblajar.com,
202.3.218.138,,host,a01.ayoblajar.com,
202.3.218.138,,host,a02.ayoblajar.com,
202.3.218.138,,host,a1.ayoblajar.com,
202.3.218.138,,host,a2.ayoblajar.com,
202.3.218.138,,host,abc.ayoblajar.com,
202.3.218.138,,host,about.ayoblajar.com,
202.3.218.138,,host,ac.ayoblajar.com,
202.3.218.138,,host,academico.ayoblajar.com,
202.3.218.138,,host,acceso.ayoblajar.com,
202.3.218.138,,host,access.ayoblajar.com,
202.3.218.138,,host,accounting.ayoblajar.com,
202.3.218.138,,host,accounts.ayoblajar.com,
202.3.218.138,,host,acid.ayoblajar.com,
202.3.218.138,,host,activestat.ayoblajar.com,
202.3.218.138,,host,ad.ayoblajar.com,
202.3.218.138,,host,adam.ayoblajar.com,
202.3.218.138,,host,adkit.ayoblajar.com,
202.3.218.138,,host,admin.ayoblajar.com,
202.3.218.138,,host,administracion.ayoblajar.com,
202.3.218.138,,host,administrador.ayoblajar.com,
202.3.218.138,,host,administrator.ayoblajar.com,
202.3.218.138,,host,administrators.ayoblajar.com,
202.3.218.138,,host,admins.ayoblajar.com,
202.3.218.138,,host,ads.ayoblajar.com,
202.3.218.138,302,host,adsense.ayoblajar.com,BigIP
202.3.218.138,302,host,adserver.ayoblajar.com,BigIP
202.3.218.138,302,host,adsl.ayoblajar.com,BigIP
202.3.218.138,302,host,ae.ayoblajar.com,BigIP
202.3.218.138,302,host,af.ayoblajar.com,BigIP
202.3.218.138,302,host,affiliate.ayoblajar.com,BigIP
202.3.218.138,,host,affiliates.ayoblajar.com,
202.3.218.138,,host,affiliati.ayoblajar.com,
202.3.218.138,302,host,afiliados.ayoblajar.com,BigIP
202.3.218.138,302,host,ag.ayoblajar.com,BigIP
202.3.218.138,,host,agenda.ayoblajar.com,
202.3.218.138,302,host,agent.ayoblajar.com,BigIP
202.3.218.138,302,host,ai.ayoblajar.com,BigIP
202.3.218.138,,host,aix.ayoblajar.com,
202.3.218.138,302,host,ajax.ayoblajar.com,BigIP
202.3.218.138,302,host,ak.ayoblajar.com,BigIP
202.3.218.138,302,host,akamai.ayoblajar.com,BigIP
202.3.218.138,302,host,al.ayoblajar.com,BigIP
202.3.218.138,302,host,alabama.ayoblajar.com,BigIP
202.3.218.138,302,host,alaska.ayoblajar.com,BigIP
202.3.218.138,302,host,albuquerque.ayoblajar.com,BigIP
202.3.218.138,302,host,alerts.ayoblajar.com,BigIP
202.3.218.138,302,host,alpha.ayoblajar.com,BigIP
202.3.218.138,302,host,alterwind.ayoblajar.com,BigIP
202.3.218.138,302,host,am.ayoblajar.com,BigIP
202.3.218.138,302,host,amarillo.ayoblajar.com,BigIP
202.3.218.138,302,host,americas.ayoblajar.com,BigIP
202.3.218.138,302,host,an.ayoblajar.com,BigIP
202.3.218.138,302,host,anaheim.ayoblajar.com,BigIP
54.169.246.79,301,host,analytics.ayoblajar.com,nginx/1.13.3
3.0.254.126,301,host,analytics.ayoblajar.com,nginx/1.13.3
202.3.218.138,302,host,analyzer.ayoblajar.com,BigIP
202.3.218.138,302,host,announce.ayoblajar.com,BigIP
202.3.218.138,302,host,announcements.ayoblajar.com,BigIP
202.3.218.138,302,host,antivirus.ayoblajar.com,BigIP
202.3.218.138,302,host,ao.ayoblajar.com,BigIP
202.3.218.138,302,host,ap.ayoblajar.com,BigIP
202.3.218.138,302,host,apache.ayoblajar.com,BigIP
202.3.218.138,302,host,api.ayoblajar.com,BigIP
202.3.218.138,302,host,apollo.ayoblajar.com,BigIP
202.3.218.138,302,host,app.ayoblajar.com,BigIP
202.3.218.138,302,host,app01.ayoblajar.com,BigIP
202.3.218.138,302,host,app1.ayoblajar.com,BigIP
202.3.218.138,302,host,apple.ayoblajar.com,BigIP
202.3.218.138,302,host,application.ayoblajar.com,BigIP
202.3.218.138,302,host,applications.ayoblajar.com,BigIP
202.3.218.138,302,host,apps.ayoblajar.com,BigIP
202.3.218.138,302,host,appserver.ayoblajar.com,BigIP
202.3.218.138,302,host,aq.ayoblajar.com,BigIP
202.3.218.138,302,host,ar.ayoblajar.com,BigIP
202.3.218.138,302,host,archie.ayoblajar.com,BigIP
202.3.218.138,302,host,arcsight.ayoblajar.com,BigIP
202.3.218.138,302,host,argentina.ayoblajar.com,BigIP
202.3.218.138,302,host,arizona.ayoblajar.com,BigIP
202.3.218.138,302,host,arkansas.ayoblajar.com,BigIP
202.3.218.138,302,host,arlington.ayoblajar.com,BigIP
202.3.218.138,302,host,as.ayoblajar.com,BigIP
202.3.218.138,302,host,as400.ayoblajar.com,BigIP
202.3.218.138,302,host,asia.ayoblajar.com,BigIP
202.3.218.138,302,host,asterix.ayoblajar.com,BigIP
202.3.218.138,302,host,at.ayoblajar.com,BigIP
202.3.218.138,302,host,athena.ayoblajar.com,BigIP
202.3.218.138,302,host,atlanta.ayoblajar.com,BigIP
202.3.218.138,302,host,atlas.ayoblajar.com,BigIP
202.3.218.138,302,host,att.ayoblajar.com,BigIP
202.3.218.138,302,host,au.ayoblajar.com,BigIP
202.3.218.138,302,host,auction.ayoblajar.com,BigIP
202.3.218.138,302,host,austin.ayoblajar.com,BigIP
202.3.218.138,302,host,auth.ayoblajar.com,BigIP
202.3.218.138,302,host,auto.ayoblajar.com,BigIP
202.3.218.138,302,host,av.ayoblajar.com,BigIP
202.3.218.138,302,host,aw.ayoblajar.com,BigIP
202.3.218.138,302,host,ayuda.ayoblajar.com,BigIP
202.3.218.138,302,host,az.ayoblajar.com,BigIP
202.3.218.138,302,host,b.ayoblajar.com,BigIP
202.3.218.138,302,host,b.auth-ns.ayoblajar.com,BigIP
202.3.218.138,302,host,b01.ayoblajar.com,BigIP
202.3.218.138,302,host,b02.ayoblajar.com,BigIP
202.3.218.138,302,host,b1.ayoblajar.com,BigIP
202.3.218.138,302,host,b2.ayoblajar.com,BigIP
202.3.218.138,302,host,b2b.ayoblajar.com,BigIP
202.3.218.138,302,host,b2c.ayoblajar.com,BigIP
202.3.218.138,302,host,ba.ayoblajar.com,BigIP
202.3.218.138,302,host,back.ayoblajar.com,BigIP
202.3.218.138,302,host,backend.ayoblajar.com,BigIP
202.3.218.138,302,host,backup.ayoblajar.com,BigIP
202.3.218.138,302,host,baker.ayoblajar.com,BigIP
202.3.218.138,302,host,bakersfield.ayoblajar.com,BigIP
202.3.218.138,302,host,balance.ayoblajar.com,BigIP
202.3.218.138,302,host,balancer.ayoblajar.com,BigIP
202.3.218.138,302,host,baltimore.ayoblajar.com,BigIP
202.3.218.138,302,host,banking.ayoblajar.com,BigIP
202.3.218.138,302,host,bayarea.ayoblajar.com,BigIP
202.3.218.138,302,host,bb.ayoblajar.com,BigIP
202.3.218.138,302,host,bbdd.ayoblajar.com,BigIP
202.3.218.138,302,host,bbs.ayoblajar.com,BigIP
202.3.218.138,302,host,bd.ayoblajar.com,BigIP
202.3.218.138,302,host,bdc.ayoblajar.com,BigIP
202.3.218.138,302,host,be.ayoblajar.com,BigIP
202.3.218.138,302,host,bea.ayoblajar.com,BigIP
136.232.113.214,502,host,beta.ayoblajar.com,
202.3.218.138,302,host,bf.ayoblajar.com,BigIP
202.3.218.138,302,host,bg.ayoblajar.com,BigIP
202.3.218.138,302,host,bh.ayoblajar.com,BigIP
202.3.218.138,302,host,bi.ayoblajar.com,BigIP
202.3.218.138,302,host,billing.ayoblajar.com,BigIP
202.3.218.138,302,host,biz.ayoblajar.com,BigIP
202.3.218.138,302,host,biztalk.ayoblajar.com,BigIP
202.3.218.138,302,host,bj.ayoblajar.com,BigIP
202.3.218.138,302,host,black.ayoblajar.com,BigIP
202.3.218.138,302,host,blackberry.ayoblajar.com,BigIP
202.3.218.138,302,host,blog.ayoblajar.com,BigIP
202.3.218.138,302,host,blogs.ayoblajar.com,BigIP
202.3.218.138,302,host,blue.ayoblajar.com,BigIP
202.3.218.138,302,host,bm.ayoblajar.com,BigIP
202.3.218.138,302,host,bn.ayoblajar.com,BigIP
202.3.218.138,302,host,bnc.ayoblajar.com,BigIP
202.3.218.138,302,host,bo.ayoblajar.com,BigIP
202.3.218.138,302,host,bob.ayoblajar.com,BigIP
202.3.218.138,302,host,bof.ayoblajar.com,BigIP
202.3.218.138,302,host,boise.ayoblajar.com,BigIP
202.3.218.138,302,host,bolsa.ayoblajar.com,BigIP
202.3.218.138,302,host,border.ayoblajar.com,BigIP
202.3.218.138,302,host,boston.ayoblajar.com,BigIP
202.3.218.138,302,host,boulder.ayoblajar.com,BigIP
202.3.218.138,302,host,boy.ayoblajar.com,BigIP
202.3.218.138,302,host,br.ayoblajar.com,BigIP
202.3.218.138,302,host,bravo.ayoblajar.com,BigIP
202.3.218.138,302,host,brazil.ayoblajar.com,BigIP
202.3.218.138,302,host,britian.ayoblajar.com,BigIP
202.3.218.138,302,host,broadcast.ayoblajar.com,BigIP
202.3.218.138,302,host,broker.ayoblajar.com,BigIP
202.3.218.138,302,host,bronze.ayoblajar.com,BigIP
202.3.218.138,302,host,brown.ayoblajar.com,BigIP
202.3.218.138,302,host,bs.ayoblajar.com,BigIP
202.3.218.138,302,host,bsd.ayoblajar.com,BigIP
202.3.218.138,302,host,bsd0.ayoblajar.com,BigIP
202.3.218.138,302,host,bsd01.ayoblajar.com,BigIP
202.3.218.138,302,host,bsd02.ayoblajar.com,BigIP
202.3.218.138,302,host,bsd1.ayoblajar.com,BigIP
202.3.218.138,302,host,bsd2.ayoblajar.com,BigIP
202.3.218.138,302,host,bt.ayoblajar.com,BigIP
202.3.218.138,302,host,bug.ayoblajar.com,BigIP
202.3.218.138,302,host,buggalo.ayoblajar.com,BigIP
202.3.218.138,302,host,bugs.ayoblajar.com,BigIP
202.3.218.138,302,host,bugzilla.ayoblajar.com,BigIP
202.3.218.138,302,host,build.ayoblajar.com,BigIP
202.3.218.138,302,host,bulletins.ayoblajar.com,BigIP
202.3.218.138,302,host,burn.ayoblajar.com,BigIP
202.3.218.138,302,host,burner.ayoblajar.com,BigIP
202.3.218.138,302,host,buscador.ayoblajar.com,BigIP
202.3.218.138,302,host,buy.ayoblajar.com,BigIP
202.3.218.138,302,host,bv.ayoblajar.com,BigIP
202.3.218.138,302,host,bw.ayoblajar.com,BigIP
202.3.218.138,302,host,by.ayoblajar.com,BigIP
202.3.218.138,302,host,bz.ayoblajar.com,BigIP
202.3.218.138,302,host,c.ayoblajar.com,BigIP
202.3.218.138,302,host,c.auth-ns.ayoblajar.com,BigIP
202.3.218.138,302,host,ca.ayoblajar.com,BigIP
202.3.218.138,302,host,cache.ayoblajar.com,BigIP
202.3.218.138,302,host,cafe.ayoblajar.com,BigIP
202.3.218.138,302,host,calendar.ayoblajar.com,BigIP
202.3.218.138,302,host,california.ayoblajar.com,BigIP
202.3.218.138,302,host,call.ayoblajar.com,BigIP
202.3.218.138,302,host,calvin.ayoblajar.com,BigIP
202.3.218.138,302,host,canada.ayoblajar.com,BigIP
202.3.218.138,302,host,canal.ayoblajar.com,BigIP
202.3.218.138,302,host,canon.ayoblajar.com,BigIP
202.3.218.138,302,host,careers.ayoblajar.com,BigIP
202.3.218.138,302,host,catalog.ayoblajar.com,BigIP
202.3.218.138,302,host,cc.ayoblajar.com,BigIP
202.3.218.138,302,host,cd.ayoblajar.com,BigIP
202.3.218.138,302,host,cdburner.ayoblajar.com,BigIP
54.169.246.79,301,host,cdn.ayoblajar.com,nginx/1.13.3
3.0.254.126,301,host,cdn.ayoblajar.com,nginx/1.13.3
202.3.218.138,302,host,cert.ayoblajar.com,BigIP
202.3.218.138,302,host,certificates.ayoblajar.com,BigIP
202.3.218.138,302,host,certify.ayoblajar.com,BigIP
202.3.218.138,302,host,certserv.ayoblajar.com,BigIP
202.3.218.138,302,host,certsrv.ayoblajar.com,BigIP
202.3.218.138,302,host,cf.ayoblajar.com,BigIP
202.3.218.138,302,host,cg.ayoblajar.com,BigIP
202.3.218.138,302,host,cgi.ayoblajar.com,BigIP
202.3.218.138,302,host,ch.ayoblajar.com,BigIP
202.3.218.138,302,host,channel.ayoblajar.com,BigIP
202.3.218.138,302,host,channels.ayoblajar.com,BigIP
202.3.218.138,302,host,charlie.ayoblajar.com,BigIP
202.3.218.138,302,host,charlotte.ayoblajar.com,BigIP
202.3.218.138,302,host,chat.ayoblajar.com,BigIP
202.3.218.138,302,host,chats.ayoblajar.com,BigIP
202.3.218.138,302,host,chatserver.ayoblajar.com,BigIP
202.3.218.138,302,host,check.ayoblajar.com,BigIP
202.3.218.138,302,host,checkpoint.ayoblajar.com,BigIP
202.3.218.138,302,host,chi.ayoblajar.com,BigIP
202.3.218.138,302,host,chicago.ayoblajar.com,BigIP
202.3.218.138,302,host,ci.ayoblajar.com,BigIP
202.3.218.138,302,host,cims.ayoblajar.com,BigIP
202.3.218.138,302,host,cincinnati.ayoblajar.com,BigIP
202.3.218.138,302,host,cisco.ayoblajar.com,BigIP
202.3.218.138,302,host,citrix.ayoblajar.com,BigIP
202.3.218.138,302,host,ck.ayoblajar.com,BigIP
202.3.218.138,302,host,cl.ayoblajar.com,BigIP
202.3.218.138,302,host,class.ayoblajar.com,BigIP
202.3.218.138,302,host,classes.ayoblajar.com,BigIP
202.3.218.138,302,host,classifieds.ayoblajar.com,BigIP
202.3.218.138,302,host,classroom.ayoblajar.com,BigIP
202.3.218.138,302,host,cleveland.ayoblajar.com,BigIP
202.3.218.138,302,host,clicktrack.ayoblajar.com,BigIP
202.3.218.138,302,host,client.ayoblajar.com,BigIP
202.3.218.138,302,host,clientes.ayoblajar.com,BigIP
202.3.218.138,302,host,clients.ayoblajar.com,BigIP
202.3.218.138,302,host,cloud.ayoblajar.com,BigIP
202.3.218.138,302,host,club.ayoblajar.com,BigIP
202.3.218.138,302,host,clubs.ayoblajar.com,BigIP
202.3.218.138,302,host,cluster.ayoblajar.com,BigIP
202.3.218.138,302,host,clusters.ayoblajar.com,BigIP
202.3.218.138,302,host,cm.ayoblajar.com,BigIP
202.3.218.138,302,host,cmail.ayoblajar.com,BigIP
202.3.218.138,302,host,cms.ayoblajar.com,BigIP
202.3.218.138,302,host,cn.ayoblajar.com,BigIP
202.3.218.138,302,host,co.ayoblajar.com,BigIP
202.3.218.138,302,host,cocoa.ayoblajar.com,BigIP
202.3.218.138,302,host,code.ayoblajar.com,BigIP
202.3.218.138,302,host,coldfusion.ayoblajar.com,BigIP
202.3.218.138,302,host,colombus.ayoblajar.com,BigIP
202.3.218.138,302,host,colorado.ayoblajar.com,BigIP
202.3.218.138,302,host,columbus.ayoblajar.com,BigIP
202.3.218.138,302,host,com.ayoblajar.com,BigIP
202.3.218.138,302,host,commerce.ayoblajar.com,BigIP
202.3.218.138,302,host,commerceserver.ayoblajar.com,BigIP
202.3.218.138,302,host,communigate.ayoblajar.com,BigIP
202.3.218.138,302,host,community.ayoblajar.com,BigIP
202.3.218.138,302,host,compaq.ayoblajar.com,BigIP
202.3.218.138,302,host,compras.ayoblajar.com,BigIP
202.3.218.138,302,host,comunicare.ayoblajar.com,BigIP
202.3.218.138,302,host,comunicati.ayoblajar.com,BigIP
202.3.218.138,302,host,comunicazione.ayoblajar.com,BigIP
202.3.218.138,302,host,con.ayoblajar.com,BigIP
202.3.218.138,302,host,concentrator.ayoblajar.com,BigIP
202.3.218.138,302,host,conf.ayoblajar.com,BigIP
202.3.218.138,302,host,conference.ayoblajar.com,BigIP
202.3.218.138,302,host,conferencing.ayoblajar.com,BigIP
202.3.218.138,302,host,confidential.ayoblajar.com,BigIP
202.3.218.138,302,host,connect.ayoblajar.com,BigIP
202.3.218.138,302,host,connecticut.ayoblajar.com,BigIP
202.3.218.138,302,host,consola.ayoblajar.com,BigIP
202.3.218.138,302,host,console.ayoblajar.com,BigIP
202.3.218.138,302,host,consult.ayoblajar.com,BigIP
202.3.218.138,302,host,consultant.ayoblajar.com,BigIP
202.3.218.138,302,host,consultants.ayoblajar.com,BigIP
202.3.218.138,302,host,consulting.ayoblajar.com,BigIP
202.3.218.138,302,host,consumer.ayoblajar.com,BigIP
202.3.218.138,302,host,contact.ayoblajar.com,BigIP
202.3.218.138,302,host,content.ayoblajar.com,BigIP
202.3.218.138,302,host,contracts.ayoblajar.com,BigIP
202.3.218.138,302,host,core.ayoblajar.com,BigIP
202.3.218.138,302,host,core0.ayoblajar.com,BigIP
202.3.218.138,302,host,core01.ayoblajar.com,BigIP
202.3.218.138,302,host,corp.ayoblajar.com,BigIP
202.3.218.138,302,host,corpmail.ayoblajar.com,BigIP
202.3.218.138,302,host,corporate.ayoblajar.com,BigIP
202.3.218.138,302,host,correo.ayoblajar.com,BigIP
202.3.218.138,302,host,correoweb.ayoblajar.com,BigIP
202.3.218.138,302,host,cortafuegos.ayoblajar.com,BigIP
202.3.218.138,302,host,counterstrike.ayoblajar.com,BigIP
202.3.218.138,302,host,courses.ayoblajar.com,BigIP
202.3.218.138,302,host,cr.ayoblajar.com,BigIP
202.3.218.138,302,host,cricket.ayoblajar.com,BigIP
202.3.218.138,302,host,crm.ayoblajar.com,BigIP
202.3.218.138,302,host,crs.ayoblajar.com,BigIP
202.3.218.138,302,host,cs.ayoblajar.com,BigIP
202.3.218.138,302,host,cso.ayoblajar.com,BigIP
202.3.218.138,302,host,css.ayoblajar.com,BigIP
202.3.218.138,302,host,ct.ayoblajar.com,BigIP
202.3.218.138,302,host,cu.ayoblajar.com,BigIP
202.3.218.138,302,host,cust1.ayoblajar.com,BigIP
202.3.218.138,302,host,cust10.ayoblajar.com,BigIP
202.3.218.138,302,host,cust100.ayoblajar.com,BigIP
202.3.218.138,302,host,cust101.ayoblajar.com,BigIP
202.3.218.138,302,host,cust102.ayoblajar.com,BigIP
202.3.218.138,302,host,cust103.ayoblajar.com,BigIP
202.3.218.138,302,host,cust104.ayoblajar.com,BigIP
202.3.218.138,302,host,cust105.ayoblajar.com,BigIP
202.3.218.138,302,host,cust106.ayoblajar.com,BigIP
202.3.218.138,302,host,cust107.ayoblajar.com,BigIP
202.3.218.138,302,host,cust108.ayoblajar.com,BigIP
202.3.218.138,302,host,cust109.ayoblajar.com,BigIP
202.3.218.138,302,host,cust11.ayoblajar.com,BigIP
202.3.218.138,302,host,cust110.ayoblajar.com,BigIP
202.3.218.138,302,host,cust111.ayoblajar.com,BigIP
202.3.218.138,302,host,cust112.ayoblajar.com,BigIP
202.3.218.138,302,host,cust113.ayoblajar.com,BigIP
202.3.218.138,302,host,cust114.ayoblajar.com,BigIP
202.3.218.138,302,host,cust115.ayoblajar.com,BigIP
202.3.218.138,302,host,cust116.ayoblajar.com,BigIP
202.3.218.138,302,host,cust117.ayoblajar.com,BigIP
202.3.218.138,302,host,cust118.ayoblajar.com,BigIP
202.3.218.138,302,host,cust119.ayoblajar.com,BigIP
202.3.218.138,302,host,cust12.ayoblajar.com,BigIP
202.3.218.138,302,host,cust120.ayoblajar.com,BigIP
202.3.218.138,302,host,cust121.ayoblajar.com,BigIP
202.3.218.138,302,host,cust122.ayoblajar.com,BigIP
202.3.218.138,302,host,cust123.ayoblajar.com,BigIP
202.3.218.138,302,host,cust124.ayoblajar.com,BigIP
202.3.218.138,302,host,cust125.ayoblajar.com,BigIP
202.3.218.138,302,host,cust126.ayoblajar.com,BigIP
202.3.218.138,302,host,cust13.ayoblajar.com,BigIP
202.3.218.138,302,host,cust14.ayoblajar.com,BigIP
202.3.218.138,302,host,cust15.ayoblajar.com,BigIP
202.3.218.138,302,host,cust16.ayoblajar.com,BigIP
202.3.218.138,302,host,cust17.ayoblajar.com,BigIP
202.3.218.138,302,host,cust18.ayoblajar.com,BigIP
202.3.218.138,302,host,cust19.ayoblajar.com,BigIP
202.3.218.138,302,host,cust2.ayoblajar.com,BigIP
202.3.218.138,302,host,cust20.ayoblajar.com,BigIP
202.3.218.138,302,host,cust21.ayoblajar.com,BigIP
202.3.218.138,302,host,cust22.ayoblajar.com,BigIP
202.3.218.138,302,host,cust23.ayoblajar.com,BigIP
202.3.218.138,302,host,cust24.ayoblajar.com,BigIP
202.3.218.138,302,host,cust25.ayoblajar.com,BigIP
202.3.218.138,302,host,cust26.ayoblajar.com,BigIP
202.3.218.138,302,host,cust27.ayoblajar.com,BigIP
202.3.218.138,302,host,cust28.ayoblajar.com,BigIP
202.3.218.138,302,host,cust29.ayoblajar.com,BigIP
202.3.218.138,302,host,cust3.ayoblajar.com,BigIP
202.3.218.138,302,host,cust30.ayoblajar.com,BigIP
202.3.218.138,302,host,cust31.ayoblajar.com,BigIP
202.3.218.138,302,host,cust32.ayoblajar.com,BigIP
202.3.218.138,302,host,cust33.ayoblajar.com,BigIP
202.3.218.138,302,host,cust34.ayoblajar.com,BigIP
202.3.218.138,302,host,cust35.ayoblajar.com,BigIP
202.3.218.138,302,host,cust36.ayoblajar.com,BigIP
202.3.218.138,302,host,cust37.ayoblajar.com,BigIP
202.3.218.138,302,host,cust38.ayoblajar.com,BigIP
202.3.218.138,302,host,cust39.ayoblajar.com,BigIP
202.3.218.138,302,host,cust4.ayoblajar.com,BigIP
202.3.218.138,302,host,cust40.ayoblajar.com,BigIP
202.3.218.138,302,host,cust41.ayoblajar.com,BigIP
202.3.218.138,302,host,cust42.ayoblajar.com,BigIP
202.3.218.138,302,host,cust43.ayoblajar.com,BigIP
202.3.218.138,302,host,cust44.ayoblajar.com,BigIP
202.3.218.138,302,host,cust45.ayoblajar.com,BigIP
202.3.218.138,302,host,cust46.ayoblajar.com,BigIP
202.3.218.138,302,host,cust47.ayoblajar.com,BigIP
202.3.218.138,302,host,cust48.ayoblajar.com,BigIP
202.3.218.138,302,host,cust49.ayoblajar.com,BigIP
202.3.218.138,302,host,cust5.ayoblajar.com,BigIP
202.3.218.138,302,host,cust50.ayoblajar.com,BigIP
202.3.218.138,302,host,cust51.ayoblajar.com,BigIP
202.3.218.138,302,host,cust52.ayoblajar.com,BigIP
202.3.218.138,302,host,cust53.ayoblajar.com,BigIP
202.3.218.138,302,host,cust54.ayoblajar.com,BigIP
202.3.218.138,302,host,cust55.ayoblajar.com,BigIP
202.3.218.138,302,host,cust56.ayoblajar.com,BigIP
202.3.218.138,302,host,cust57.ayoblajar.com,BigIP
202.3.218.138,302,host,cust58.ayoblajar.com,BigIP
202.3.218.138,302,host,cust59.ayoblajar.com,BigIP
202.3.218.138,302,host,cust6.ayoblajar.com,BigIP
202.3.218.138,302,host,cust60.ayoblajar.com,BigIP
202.3.218.138,302,host,cust61.ayoblajar.com,BigIP
202.3.218.138,302,host,cust62.ayoblajar.com,BigIP
202.3.218.138,302,host,cust63.ayoblajar.com,BigIP
202.3.218.138,302,host,cust64.ayoblajar.com,BigIP
202.3.218.138,302,host,cust65.ayoblajar.com,BigIP
202.3.218.138,302,host,cust66.ayoblajar.com,BigIP
202.3.218.138,302,host,cust67.ayoblajar.com,BigIP
202.3.218.138,302,host,cust68.ayoblajar.com,BigIP
202.3.218.138,302,host,cust69.ayoblajar.com,BigIP
202.3.218.138,302,host,cust7.ayoblajar.com,BigIP
202.3.218.138,302,host,cust70.ayoblajar.com,BigIP
202.3.218.138,302,host,cust71.ayoblajar.com,BigIP
202.3.218.138,302,host,cust72.ayoblajar.com,BigIP
202.3.218.138,302,host,cust73.ayoblajar.com,BigIP
202.3.218.138,302,host,cust74.ayoblajar.com,BigIP
202.3.218.138,302,host,cust75.ayoblajar.com,BigIP
202.3.218.138,302,host,cust76.ayoblajar.com,BigIP
202.3.218.138,302,host,cust77.ayoblajar.com,BigIP
202.3.218.138,302,host,cust78.ayoblajar.com,BigIP
202.3.218.138,302,host,cust79.ayoblajar.com,BigIP
202.3.218.138,302,host,cust8.ayoblajar.com,BigIP
202.3.218.138,302,host,cust80.ayoblajar.com,BigIP
202.3.218.138,302,host,cust81.ayoblajar.com,BigIP
202.3.218.138,302,host,cust82.ayoblajar.com,BigIP
202.3.218.138,302,host,cust83.ayoblajar.com,BigIP
202.3.218.138,302,host,cust84.ayoblajar.com,BigIP
202.3.218.138,302,host,cust85.ayoblajar.com,BigIP
202.3.218.138,302,host,cust86.ayoblajar.com,BigIP
202.3.218.138,302,host,cust87.ayoblajar.com,BigIP
202.3.218.138,302,host,cust88.ayoblajar.com,BigIP
202.3.218.138,302,host,cust89.ayoblajar.com,BigIP
202.3.218.138,302,host,cust9.ayoblajar.com,BigIP
202.3.218.138,302,host,cust90.ayoblajar.com,BigIP
202.3.218.138,302,host,cust91.ayoblajar.com,BigIP
202.3.218.138,302,host,cust92.ayoblajar.com,BigIP
202.3.218.138,302,host,cust93.ayoblajar.com,BigIP
202.3.218.138,302,host,cust94.ayoblajar.com,BigIP
202.3.218.138,302,host,cust95.ayoblajar.com,BigIP
202.3.218.138,302,host,cust96.ayoblajar.com,BigIP
202.3.218.138,302,host,cust97.ayoblajar.com,BigIP
202.3.218.138,302,host,cust98.ayoblajar.com,BigIP
202.3.218.138,302,host,cust99.ayoblajar.com,BigIP
202.3.218.138,302,host,customer.ayoblajar.com,BigIP
202.3.218.138,302,host,customers.ayoblajar.com,BigIP
202.3.218.138,302,host,cv.ayoblajar.com,BigIP
202.3.218.138,302,host,cvs.ayoblajar.com,BigIP
202.3.218.138,302,host,cx.ayoblajar.com,BigIP
202.3.218.138,302,host,cy.ayoblajar.com,BigIP
202.3.218.138,302,host,cz.ayoblajar.com,BigIP
202.3.218.138,302,host,d.ayoblajar.com,BigIP
202.3.218.138,302,host,dallas.ayoblajar.com,BigIP
202.3.218.138,302,host,data.ayoblajar.com,BigIP
202.3.218.138,302,host,database.ayoblajar.com,BigIP
202.3.218.138,302,host,database01.ayoblajar.com,BigIP
202.3.218.138,302,host,database02.ayoblajar.com,BigIP
202.3.218.138,302,host,database1.ayoblajar.com,BigIP
202.3.218.138,302,host,database2.ayoblajar.com,BigIP
202.3.218.138,302,host,databases.ayoblajar.com,BigIP
202.3.218.138,302,host,datastore.ayoblajar.com,BigIP
202.3.218.138,302,host,datos.ayoblajar.com,BigIP
202.3.218.138,302,host,david.ayoblajar.com,BigIP
202.3.218.138,302,host,db.ayoblajar.com,BigIP
202.3.218.138,302,host,db0.ayoblajar.com,BigIP
202.3.218.138,302,host,db01.ayoblajar.com,BigIP
202.3.218.138,302,host,db02.ayoblajar.com,BigIP
202.3.218.138,302,host,db1.ayoblajar.com,BigIP
202.3.218.138,302,host,db2.ayoblajar.com,BigIP
202.3.218.138,302,host,dc.ayoblajar.com,BigIP
202.3.218.138,302,host,de.ayoblajar.com,BigIP
202.3.218.138,302,host,dealers.ayoblajar.com,BigIP
202.3.218.138,302,host,dec.ayoblajar.com,BigIP
202.3.218.138,302,host,def.ayoblajar.com,BigIP
202.3.218.138,302,host,default.ayoblajar.com,BigIP
202.3.218.138,302,host,defiant.ayoblajar.com,BigIP
202.3.218.138,302,host,delaware.ayoblajar.com,BigIP
202.3.218.138,302,host,dell.ayoblajar.com,BigIP
202.3.218.138,302,host,delta.ayoblajar.com,BigIP
202.3.218.138,302,host,delta1.ayoblajar.com,BigIP
3.0.254.126,301,host,demo.ayoblajar.com,nginx/1.13.3
54.169.246.79,301,host,demo.ayoblajar.com,nginx/1.13.3
202.3.218.138,302,host,demonstration.ayoblajar.com,BigIP
202.3.218.138,302,host,demos.ayoblajar.com,BigIP
202.3.218.138,302,host,denver.ayoblajar.com,BigIP
202.3.218.138,302,host,depot.ayoblajar.com,BigIP
202.3.218.138,302,host,des.ayoblajar.com,BigIP
202.3.218.138,302,host,desarrollo.ayoblajar.com,BigIP
202.3.218.138,302,host,descargas.ayoblajar.com,BigIP
202.3.218.138,302,host,design.ayoblajar.com,BigIP
202.3.218.138,302,host,designer.ayoblajar.com,BigIP
202.3.218.138,302,host,detroit.ayoblajar.com,BigIP
202.3.218.138,302,host,dev.ayoblajar.com,BigIP
202.3.218.138,302,host,dev0.ayoblajar.com,BigIP
202.3.218.138,302,host,dev01.ayoblajar.com,BigIP
202.3.218.138,302,host,dev1.ayoblajar.com,BigIP
202.3.218.138,302,host,devel.ayoblajar.com,BigIP
202.3.218.138,302,host,develop.ayoblajar.com,BigIP
202.3.218.138,302,host,developer.ayoblajar.com,BigIP
202.3.218.138,302,host,developers.ayoblajar.com,BigIP
202.3.218.138,302,host,development.ayoblajar.com,BigIP
202.3.218.138,302,host,device.ayoblajar.com,BigIP
202.3.218.138,302,host,devserver.ayoblajar.com,BigIP
202.3.218.138,302,host,devsql.ayoblajar.com,BigIP
202.3.218.138,302,host,dhcp.ayoblajar.com,BigIP
202.3.218.138,302,host,dial.ayoblajar.com,BigIP
202.3.218.138,302,host,dialup.ayoblajar.com,BigIP
202.3.218.138,302,host,digital.ayoblajar.com,BigIP
202.3.218.138,302,host,dilbert.ayoblajar.com,BigIP
202.3.218.138,302,host,dir.ayoblajar.com,BigIP
202.3.218.138,302,host,direct.ayoblajar.com,BigIP
202.3.218.138,302,host,directory.ayoblajar.com,BigIP
202.3.218.138,302,host,disc.ayoblajar.com,BigIP
202.3.218.138,302,host,discovery.ayoblajar.com,BigIP
202.3.218.138,302,host,discuss.ayoblajar.com,BigIP
202.3.218.138,302,host,discussion.ayoblajar.com,BigIP
202.3.218.138,302,host,discussions.ayoblajar.com,BigIP
202.3.218.138,302,host,disk.ayoblajar.com,BigIP
202.3.218.138,302,host,disney.ayoblajar.com,BigIP
202.3.218.138,302,host,distributer.ayoblajar.com,BigIP
202.3.218.138,302,host,distributers.ayoblajar.com,BigIP
202.3.218.138,302,host,dj.ayoblajar.com,BigIP
202.3.218.138,302,host,dk.ayoblajar.com,BigIP
202.3.218.138,302,host,dm.ayoblajar.com,BigIP
202.3.218.138,302,host,dmail.ayoblajar.com,BigIP
202.3.218.138,302,host,dmz.ayoblajar.com,BigIP
202.3.218.138,302,host,dnews.ayoblajar.com,BigIP
202.3.218.138,302,host,dns.ayoblajar.com,BigIP
202.3.218.138,302,host,dns-2.ayoblajar.com,BigIP
202.3.218.138,302,host,dns0.ayoblajar.com,BigIP
202.3.218.138,302,host,dns1.ayoblajar.com,BigIP
202.3.218.138,302,host,dns2.ayoblajar.com,BigIP
202.3.218.138,302,host,dns3.ayoblajar.com,BigIP
202.3.218.138,302,host,do.ayoblajar.com,BigIP
202.3.218.138,302,host,docs.ayoblajar.com,BigIP
202.3.218.138,302,host,documentacion.ayoblajar.com,BigIP
202.3.218.138,302,host,documentos.ayoblajar.com,BigIP
202.3.218.138,302,host,domain.ayoblajar.com,BigIP
202.3.218.138,302,host,domains.ayoblajar.com,BigIP
202.3.218.138,302,host,dominio.ayoblajar.com,BigIP
202.3.218.138,302,host,domino.ayoblajar.com,BigIP
202.3.218.138,302,host,dominoweb.ayoblajar.com,BigIP
202.3.218.138,302,host,doom.ayoblajar.com,BigIP
202.3.218.138,302,host,download.ayoblajar.com,BigIP
202.3.218.138,302,host,downloads.ayoblajar.com,BigIP
202.3.218.138,302,host,downtown.ayoblajar.com,BigIP
202.3.218.138,302,host,dragon.ayoblajar.com,BigIP
202.3.218.138,302,host,drupal.ayoblajar.com,BigIP
202.3.218.138,302,host,dsl.ayoblajar.com,BigIP
202.3.218.138,302,host,dyn.ayoblajar.com,BigIP
202.3.218.138,302,host,dynamic.ayoblajar.com,BigIP
202.3.218.138,302,host,dynip.ayoblajar.com,BigIP
202.3.218.138,302,host,dz.ayoblajar.com,BigIP
202.3.218.138,302,host,e.ayoblajar.com,BigIP
202.3.218.138,302,host,e-com.ayoblajar.com,BigIP
202.3.218.138,302,host,e-commerce.ayoblajar.com,BigIP
202.3.218.138,302,host,e0.ayoblajar.com,BigIP
202.3.218.138,302,host,eagle.ayoblajar.com,BigIP
202.3.218.138,302,host,earth.ayoblajar.com,BigIP
202.3.218.138,302,host,east.ayoblajar.com,BigIP
202.3.218.138,302,host,ec.ayoblajar.com,BigIP
202.3.218.138,302,host,echo.ayoblajar.com,BigIP
202.3.218.138,302,host,ecom.ayoblajar.com,BigIP
202.3.218.138,302,host,ecommerce.ayoblajar.com,BigIP
202.3.218.138,302,host,edi.ayoblajar.com,BigIP
202.3.218.138,302,host,edu.ayoblajar.com,BigIP
202.3.218.138,302,host,education.ayoblajar.com,BigIP
202.3.218.138,302,host,edward.ayoblajar.com,BigIP
202.3.218.138,302,host,ee.ayoblajar.com,BigIP
202.3.218.138,302,host,eg.ayoblajar.com,BigIP
202.3.218.138,302,host,eh.ayoblajar.com,BigIP
202.3.218.138,302,host,ejemplo.ayoblajar.com,BigIP
202.3.218.138,302,host,elpaso.ayoblajar.com,BigIP
202.3.218.138,302,host,email.ayoblajar.com,BigIP
202.3.218.138,302,host,employees.ayoblajar.com,BigIP
202.3.218.138,302,host,empresa.ayoblajar.com,BigIP
202.3.218.138,302,host,empresas.ayoblajar.com,BigIP
202.3.218.138,302,host,en.ayoblajar.com,BigIP
202.3.218.138,302,host,enable.ayoblajar.com,BigIP
202.3.218.138,302,host,eng.ayoblajar.com,BigIP
202.3.218.138,302,host,eng01.ayoblajar.com,BigIP
202.3.218.138,302,host,eng1.ayoblajar.com,BigIP
202.3.218.138,302,host,engine.ayoblajar.com,BigIP
202.3.218.138,302,host,engineer.ayoblajar.com,BigIP
202.3.218.138,302,host,engineering.ayoblajar.com,BigIP
202.3.218.138,302,host,enterprise.ayoblajar.com,BigIP
202.3.218.138,302,host,epsilon.ayoblajar.com,BigIP
202.3.218.138,302,host,er.ayoblajar.com,BigIP
202.3.218.138,302,host,erp.ayoblajar.com,BigIP
202.3.218.138,302,host,es.ayoblajar.com,BigIP
202.3.218.138,302,host,esd.ayoblajar.com,BigIP
202.3.218.138,302,host,esm.ayoblajar.com,BigIP
202.3.218.138,302,host,espanol.ayoblajar.com,BigIP
202.3.218.138,302,host,estadisticas.ayoblajar.com,BigIP
202.3.218.138,302,host,esx.ayoblajar.com,BigIP
202.3.218.138,302,host,et.ayoblajar.com,BigIP
202.3.218.138,302,host,eta.ayoblajar.com,BigIP
202.3.218.138,302,host,europe.ayoblajar.com,BigIP
202.3.218.138,302,host,events.ayoblajar.com,BigIP
202.3.218.138,302,host,exchange.ayoblajar.com,BigIP
202.3.218.138,302,host,exec.ayoblajar.com,BigIP
202.3.218.138,302,host,extern.ayoblajar.com,BigIP
202.3.218.138,302,host,external.ayoblajar.com,BigIP
202.3.218.138,302,host,extranet.ayoblajar.com,BigIP
202.3.218.138,302,host,f.ayoblajar.com,BigIP
202.3.218.138,302,host,f5.ayoblajar.com,BigIP
202.3.218.138,302,host,falcon.ayoblajar.com,BigIP
202.3.218.138,302,host,farm.ayoblajar.com,BigIP
202.3.218.138,302,host,faststats.ayoblajar.com,BigIP
202.3.218.138,302,host,fax.ayoblajar.com,BigIP
202.3.218.138,302,host,feedback.ayoblajar.com,BigIP
202.3.218.138,302,host,feeds.ayoblajar.com,BigIP
202.3.218.138,302,host,fi.ayoblajar.com,BigIP
202.3.218.138,302,host,field.ayoblajar.com,BigIP
202.3.218.138,302,host,file.ayoblajar.com,BigIP
202.3.218.138,302,host,files.ayoblajar.com,BigIP
202.3.218.138,302,host,fileserv.ayoblajar.com,BigIP
202.3.218.138,302,host,fileserver.ayoblajar.com,BigIP
202.3.218.138,302,host,filestore.ayoblajar.com,BigIP
202.3.218.138,302,host,filter.ayoblajar.com,BigIP
202.3.218.138,302,host,find.ayoblajar.com,BigIP
202.3.218.138,302,host,finger.ayoblajar.com,BigIP
202.3.218.138,302,host,firewall.ayoblajar.com,BigIP
202.3.218.138,302,host,fix.ayoblajar.com,BigIP
202.3.218.138,302,host,fixes.ayoblajar.com,BigIP
202.3.218.138,302,host,fj.ayoblajar.com,BigIP
202.3.218.138,302,host,fk.ayoblajar.com,BigIP
202.3.218.138,302,host,fl.ayoblajar.com,BigIP
202.3.218.138,302,host,flash.ayoblajar.com,BigIP
202.3.218.138,302,host,florida.ayoblajar.com,BigIP
202.3.218.138,302,host,flow.ayoblajar.com,BigIP
202.3.218.138,302,host,fm.ayoblajar.com,BigIP
202.3.218.138,302,host,fo.ayoblajar.com,BigIP
202.3.218.138,302,host,foobar.ayoblajar.com,BigIP
202.3.218.138,302,host,formacion.ayoblajar.com,BigIP
202.3.218.138,302,host,foro.ayoblajar.com,BigIP
202.3.218.138,302,host,foros.ayoblajar.com,BigIP
202.3.218.138,302,host,fortworth.ayoblajar.com,BigIP
202.3.218.138,302,host,forum.ayoblajar.com,BigIP
202.3.218.138,302,host,forums.ayoblajar.com,BigIP
202.3.218.138,302,host,foto.ayoblajar.com,BigIP
202.3.218.138,302,host,fotos.ayoblajar.com,BigIP
202.3.218.138,302,host,foundry.ayoblajar.com,BigIP
202.3.218.138,302,host,fox.ayoblajar.com,BigIP
202.3.218.138,302,host,foxtrot.ayoblajar.com,BigIP
202.3.218.138,302,host,fr.ayoblajar.com,BigIP
202.3.218.138,302,host,france.ayoblajar.com,BigIP
202.3.218.138,302,host,frank.ayoblajar.com,BigIP
202.3.218.138,302,host,fred.ayoblajar.com,BigIP
202.3.218.138,302,host,freebsd.ayoblajar.com,BigIP
202.3.218.138,302,host,freebsd0.ayoblajar.com,BigIP
202.3.218.138,302,host,freebsd01.ayoblajar.com,BigIP
202.3.218.138,302,host,freebsd02.ayoblajar.com,BigIP
202.3.218.138,302,host,freebsd1.ayoblajar.com,BigIP
202.3.218.138,302,host,freebsd2.ayoblajar.com,BigIP
202.3.218.138,302,host,freeware.ayoblajar.com,BigIP
202.3.218.138,302,host,fresno.ayoblajar.com,BigIP
202.3.218.138,302,host,front.ayoblajar.com,BigIP
202.3.218.138,302,host,frontdesk.ayoblajar.com,BigIP
202.3.218.138,302,host,fs.ayoblajar.com,BigIP
202.3.218.138,302,host,fsp.ayoblajar.com,BigIP
202.3.218.138,302,host,ftp.ayoblajar.com,BigIP
202.3.218.138,302,host,ftp0.ayoblajar.com,BigIP
202.3.218.138,302,host,ftp2.ayoblajar.com,BigIP
202.3.218.138,302,host,ftpserver.ayoblajar.com,BigIP
202.3.218.138,302,host,fw.ayoblajar.com,BigIP
202.3.218.138,302,host,fw-1.ayoblajar.com,BigIP
202.3.218.138,302,host,fw1.ayoblajar.com,BigIP
202.3.218.138,302,host,fwsm.ayoblajar.com,BigIP
202.3.218.138,302,host,fwsm0.ayoblajar.com,BigIP
202.3.218.138,302,host,fwsm01.ayoblajar.com,BigIP
202.3.218.138,302,host,fwsm1.ayoblajar.com,BigIP
202.3.218.138,302,host,g.ayoblajar.com,BigIP
202.3.218.138,302,host,ga.ayoblajar.com,BigIP
202.3.218.138,302,host,galeria.ayoblajar.com,BigIP
202.3.218.138,302,host,galerias.ayoblajar.com,BigIP
202.3.218.138,302,host,galleries.ayoblajar.com,BigIP
202.3.218.138,302,host,gallery.ayoblajar.com,BigIP
202.3.218.138,302,host,games.ayoblajar.com,BigIP
202.3.218.138,302,host,gamma.ayoblajar.com,BigIP
202.3.218.138,302,host,gandalf.ayoblajar.com,BigIP
202.3.218.138,302,host,gate.ayoblajar.com,BigIP
202.3.218.138,302,host,gatekeeper.ayoblajar.com,BigIP
3.0.254.126,200,host,gateway.ayoblajar.com,
54.169.246.79,200,host,gateway.ayoblajar.com,
202.3.218.138,302,host,gauss.ayoblajar.com,BigIP
202.3.218.138,302,host,gd.ayoblajar.com,BigIP
202.3.218.138,302,host,ge.ayoblajar.com,BigIP
202.3.218.138,302,host,gemini.ayoblajar.com,BigIP
202.3.218.138,302,host,general.ayoblajar.com,BigIP
202.3.218.138,302,host,george.ayoblajar.com,BigIP
202.3.218.138,302,host,georgia.ayoblajar.com,BigIP
202.3.218.138,302,host,germany.ayoblajar.com,BigIP
202.3.218.138,302,host,gf.ayoblajar.com,BigIP
202.3.218.138,302,host,gg.ayoblajar.com,BigIP
202.3.218.138,302,host,gh.ayoblajar.com,BigIP
202.3.218.138,302,host,gi.ayoblajar.com,BigIP
202.3.218.138,302,host,gl.ayoblajar.com,BigIP
202.3.218.138,302,host,glendale.ayoblajar.com,BigIP
202.3.218.138,302,host,gm.ayoblajar.com,BigIP
202.3.218.138,302,host,gmail.ayoblajar.com,BigIP
202.3.218.138,302,host,gn.ayoblajar.com,BigIP
202.3.218.138,302,host,go.ayoblajar.com,BigIP
202.3.218.138,302,host,gold.ayoblajar.com,BigIP
202.3.218.138,302,host,goldmine.ayoblajar.com,BigIP
202.3.218.138,302,host,golf.ayoblajar.com,BigIP
202.3.218.138,302,host,gopher.ayoblajar.com,BigIP
202.3.218.138,302,host,gov.ayoblajar.com,BigIP
202.3.218.138,302,host,govt.ayoblajar.com,BigIP
202.3.218.138,302,host,govyty.ayoblajar.com,BigIP
202.3.218.138,302,host,gp.ayoblajar.com,BigIP
202.3.218.138,302,host,gq.ayoblajar.com,BigIP
202.3.218.138,302,host,gr.ayoblajar.com,BigIP
202.3.218.138,302,host,green.ayoblajar.com,BigIP
202.3.218.138,302,host,group.ayoblajar.com,BigIP
202.3.218.138,302,host,groups.ayoblajar.com,BigIP
202.3.218.138,302,host,groupwise.ayoblajar.com,BigIP
202.3.218.138,302,host,gs.ayoblajar.com,BigIP
202.3.218.138,302,host,gsx.ayoblajar.com,BigIP
202.3.218.138,302,host,gt.ayoblajar.com,BigIP
202.3.218.138,302,host,gu.ayoblajar.com,BigIP
202.3.218.138,302,host,guest.ayoblajar.com,BigIP
202.3.218.138,302,host,gw.ayoblajar.com,BigIP
202.3.218.138,302,host,gw1.ayoblajar.com,BigIP
202.3.218.138,302,host,gy.ayoblajar.com,BigIP
202.3.218.138,302,host,h.ayoblajar.com,BigIP
202.3.218.138,302,host,hal.ayoblajar.com,BigIP
202.3.218.138,302,host,halflife.ayoblajar.com,BigIP
202.3.218.138,302,host,hawaii.ayoblajar.com,BigIP
202.3.218.138,302,host,hello.ayoblajar.com,BigIP
202.3.218.138,302,host,help.ayoblajar.com,BigIP
202.3.218.138,302,host,helpdesk.ayoblajar.com,BigIP
202.3.218.138,302,host,helponline.ayoblajar.com,BigIP
202.3.218.138,302,host,henry.ayoblajar.com,BigIP
202.3.218.138,302,host,hermes.ayoblajar.com,BigIP
202.3.218.138,302,host,hgfgdf.ayoblajar.com,BigIP
202.3.218.138,302,host,hi.ayoblajar.com,BigIP
202.3.218.138,302,host,hidden.ayoblajar.com,BigIP
202.3.218.138,302,host,hk.ayoblajar.com,BigIP
202.3.218.138,302,host,hm.ayoblajar.com,BigIP
202.3.218.138,302,host,hn.ayoblajar.com,BigIP
202.3.218.138,302,host,hobbes.ayoblajar.com,BigIP
202.3.218.138,302,host,hollywood.ayoblajar.com,BigIP
202.3.218.138,302,host,home.ayoblajar.com,BigIP
202.3.218.138,302,host,homebase.ayoblajar.com,BigIP
202.3.218.138,302,host,homer.ayoblajar.com,BigIP
202.3.218.138,302,host,honeypot.ayoblajar.com,BigIP
202.3.218.138,302,host,honolulu.ayoblajar.com,BigIP
202.3.218.138,302,host,host.ayoblajar.com,BigIP
202.3.218.138,302,host,host1.ayoblajar.com,BigIP
202.3.218.138,302,host,host3.ayoblajar.com,BigIP
202.3.218.138,302,host,host4.ayoblajar.com,BigIP
202.3.218.138,302,host,host5.ayoblajar.com,BigIP
202.3.218.138,302,host,hotel.ayoblajar.com,BigIP
202.3.218.138,302,host,hotjobs.ayoblajar.com,BigIP
202.3.218.138,302,host,houstin.ayoblajar.com,BigIP
202.3.218.138,302,host,houston.ayoblajar.com,BigIP
202.3.218.138,302,host,howto.ayoblajar.com,BigIP
202.3.218.138,302,host,hp.ayoblajar.com,BigIP
202.3.218.138,302,host,hpov.ayoblajar.com,BigIP
202.3.218.138,302,host,hr.ayoblajar.com,BigIP
202.3.218.138,302,host,ht.ayoblajar.com,BigIP
202.3.218.138,302,host,http.ayoblajar.com,BigIP
202.3.218.138,302,host,https.ayoblajar.com,BigIP
202.3.218.138,302,host,hu.ayoblajar.com,BigIP
202.3.218.138,302,host,hub.ayoblajar.com,BigIP
202.3.218.138,302,host,humanresources.ayoblajar.com,BigIP
202.3.218.138,302,host,i.ayoblajar.com,BigIP
202.3.218.138,302,host,ia.ayoblajar.com,BigIP
202.3.218.138,302,host,ias.ayoblajar.com,BigIP
202.3.218.138,302,host,ibm.ayoblajar.com,BigIP
202.3.218.138,302,host,ibmdb.ayoblajar.com,BigIP
202.3.218.138,302,host,id.ayoblajar.com,BigIP
202.3.218.138,302,host,ida.ayoblajar.com,BigIP
202.3.218.138,302,host,idaho.ayoblajar.com,BigIP
202.3.218.138,302,host,ids.ayoblajar.com,BigIP
202.3.218.138,302,host,ie.ayoblajar.com,BigIP
202.3.218.138,302,host,iis.ayoblajar.com,BigIP
202.3.218.138,302,host,il.ayoblajar.com,BigIP
202.3.218.138,302,host,illinois.ayoblajar.com,BigIP
202.3.218.138,302,host,im.ayoblajar.com,BigIP
202.3.218.138,302,host,image.ayoblajar.com,BigIP
202.3.218.138,302,host,images.ayoblajar.com,BigIP
202.3.218.138,302,host,imail.ayoblajar.com,BigIP
202.3.218.138,302,host,imap.ayoblajar.com,BigIP
202.3.218.138,302,host,imap4.ayoblajar.com,BigIP
202.3.218.138,302,host,img.ayoblajar.com,BigIP
202.3.218.138,302,host,img0.ayoblajar.com,BigIP
202.3.218.138,302,host,img01.ayoblajar.com,BigIP
202.3.218.138,302,host,img02.ayoblajar.com,BigIP
202.3.218.138,302,host,in.ayoblajar.com,BigIP
202.3.218.138,302,host,inbound.ayoblajar.com,BigIP
202.3.218.138,302,host,inc.ayoblajar.com,BigIP
202.3.218.138,302,host,include.ayoblajar.com,BigIP
202.3.218.138,302,host,incoming.ayoblajar.com,BigIP
202.3.218.138,302,host,india.ayoblajar.com,BigIP
202.3.218.138,302,host,indiana.ayoblajar.com,BigIP
202.3.218.138,302,host,indianapolis.ayoblajar.com,BigIP
202.3.218.138,302,host,info.ayoblajar.com,BigIP
202.3.218.138,302,host,informix.ayoblajar.com,BigIP
202.3.218.138,302,host,inside.ayoblajar.com,BigIP
202.3.218.138,302,host,install.ayoblajar.com,BigIP
202.3.218.138,302,host,int.ayoblajar.com,BigIP
202.3.218.138,302,host,intern.ayoblajar.com,BigIP
202.3.218.138,302,host,internal.ayoblajar.com,BigIP
202.3.218.138,302,host,international.ayoblajar.com,BigIP
202.3.218.138,302,host,internet.ayoblajar.com,BigIP
202.3.218.138,302,host,intl.ayoblajar.com,BigIP
202.3.218.138,302,host,intranet.ayoblajar.com,BigIP
202.3.218.138,302,host,invalid.ayoblajar.com,BigIP
202.3.218.138,302,host,investor.ayoblajar.com,BigIP
202.3.218.138,302,host,investors.ayoblajar.com,BigIP
202.3.218.138,302,host,invia.ayoblajar.com,BigIP
202.3.218.138,302,host,invio.ayoblajar.com,BigIP
202.3.218.138,302,host,io.ayoblajar.com,BigIP
202.3.218.138,302,host,iota.ayoblajar.com,BigIP
202.3.218.138,302,host,iowa.ayoblajar.com,BigIP
202.3.218.138,302,host,iplanet.ayoblajar.com,BigIP
202.3.218.138,302,host,ipmonitor.ayoblajar.com,BigIP
202.3.218.138,302,host,ipsec.ayoblajar.com,BigIP
202.3.218.138,302,host,ipsec-gw.ayoblajar.com,BigIP
202.3.218.138,302,host,iq.ayoblajar.com,BigIP
202.3.218.138,302,host,ir.ayoblajar.com,BigIP
202.3.218.138,302,host,irc.ayoblajar.com,BigIP
202.3.218.138,302,host,ircd.ayoblajar.com,BigIP
202.3.218.138,302,host,ircserver.ayoblajar.com,BigIP
202.3.218.138,302,host,ireland.ayoblajar.com,BigIP
202.3.218.138,302,host,iris.ayoblajar.com,BigIP
202.3.218.138,302,host,irvine.ayoblajar.com,BigIP
202.3.218.138,302,host,irving.ayoblajar.com,BigIP
202.3.218.138,302,host,is.ayoblajar.com,BigIP
202.3.218.138,302,host,isa.ayoblajar.com,BigIP
202.3.218.138,302,host,isaserv.ayoblajar.com,BigIP
202.3.218.138,302,host,isaserver.ayoblajar.com,BigIP
202.3.218.138,302,host,ism.ayoblajar.com,BigIP
202.3.218.138,302,host,israel.ayoblajar.com,BigIP
202.3.218.138,302,host,isync.ayoblajar.com,BigIP
202.3.218.138,302,host,it.ayoblajar.com,BigIP
202.3.218.138,302,host,italy.ayoblajar.com,BigIP
202.3.218.138,302,host,ix.ayoblajar.com,BigIP
202.3.218.138,302,host,j.ayoblajar.com,BigIP
202.3.218.138,302,host,japan.ayoblajar.com,BigIP
202.3.218.138,302,host,java.ayoblajar.com,BigIP
202.3.218.138,302,host,je.ayoblajar.com,BigIP
202.3.218.138,302,host,jedi.ayoblajar.com,BigIP
3.0.254.126,403,host,jenkins.ayoblajar.com,Jetty(9.4.27.v20200227)
54.169.246.79,403,host,jenkins.ayoblajar.com,Jetty(9.4.27.v20200227)
202.3.218.138,302,host,jm.ayoblajar.com,BigIP
202.3.218.138,302,host,jo.ayoblajar.com,BigIP
202.3.218.138,302,host,jobs.ayoblajar.com,BigIP
202.3.218.138,302,host,john.ayoblajar.com,BigIP
202.3.218.138,302,host,jp.ayoblajar.com,BigIP
202.3.218.138,302,host,jrun.ayoblajar.com,BigIP
202.3.218.138,302,host,juegos.ayoblajar.com,BigIP
202.3.218.138,302,host,juliet.ayoblajar.com,BigIP
202.3.218.138,302,host,juliette.ayoblajar.com,BigIP
202.3.218.138,302,host,juniper.ayoblajar.com,BigIP
202.3.218.138,302,host,k.ayoblajar.com,BigIP
202.3.218.138,302,host,kansas.ayoblajar.com,BigIP
202.3.218.138,302,host,kansascity.ayoblajar.com,BigIP
202.3.218.138,302,host,kappa.ayoblajar.com,BigIP
202.3.218.138,302,host,kb.ayoblajar.com,BigIP
202.3.218.138,302,host,ke.ayoblajar.com,BigIP
202.3.218.138,302,host,kentucky.ayoblajar.com,BigIP
202.3.218.138,302,host,kerberos.ayoblajar.com,BigIP
202.3.218.138,302,host,keynote.ayoblajar.com,BigIP
202.3.218.138,302,host,kg.ayoblajar.com,BigIP
202.3.218.138,302,host,kh.ayoblajar.com,BigIP
202.3.218.138,302,host,ki.ayoblajar.com,BigIP
202.3.218.138,302,host,kilo.ayoblajar.com,BigIP
202.3.218.138,302,host,king.ayoblajar.com,BigIP
202.3.218.138,302,host,km.ayoblajar.com,BigIP
202.3.218.138,302,host,kn.ayoblajar.com,BigIP
202.3.218.138,302,host,knowledgebase.ayoblajar.com,BigIP
202.3.218.138,302,host,knoxville.ayoblajar.com,BigIP
202.3.218.138,302,host,koe.ayoblajar.com,BigIP
202.3.218.138,302,host,korea.ayoblajar.com,BigIP
202.3.218.138,302,host,kp.ayoblajar.com,BigIP
202.3.218.138,302,host,kr.ayoblajar.com,BigIP
202.3.218.138,302,host,ks.ayoblajar.com,BigIP
202.3.218.138,302,host,kw.ayoblajar.com,BigIP
202.3.218.138,302,host,ky.ayoblajar.com,BigIP
202.3.218.138,302,host,kz.ayoblajar.com,BigIP
202.3.218.138,302,host,l.ayoblajar.com,BigIP
202.3.218.138,302,host,la.ayoblajar.com,BigIP
136.232.113.214,502,host,lab.ayoblajar.com,
202.3.218.138,302,host,laboratory.ayoblajar.com,BigIP
202.3.218.138,302,host,labs.ayoblajar.com,BigIP
202.3.218.138,302,host,lambda.ayoblajar.com,BigIP
202.3.218.138,302,host,lan.ayoblajar.com,BigIP
202.3.218.138,302,host,laptop.ayoblajar.com,BigIP
202.3.218.138,302,host,laserjet.ayoblajar.com,BigIP
202.3.218.138,302,host,lasvegas.ayoblajar.com,BigIP
202.3.218.138,302,host,launch.ayoblajar.com,BigIP
202.3.218.138,302,host,lb.ayoblajar.com,BigIP
202.3.218.138,302,host,lc.ayoblajar.com,BigIP
202.3.218.138,302,host,ldap.ayoblajar.com,BigIP
202.3.218.138,302,host,legal.ayoblajar.com,BigIP
202.3.218.138,302,host,leo.ayoblajar.com,BigIP
202.3.218.138,302,host,li.ayoblajar.com,BigIP
202.3.218.138,302,host,lib.ayoblajar.com,BigIP
202.3.218.138,302,host,library.ayoblajar.com,BigIP
202.3.218.138,302,host,lima.ayoblajar.com,BigIP
202.3.218.138,302,host,lincoln.ayoblajar.com,BigIP
202.3.218.138,302,host,link.ayoblajar.com,BigIP
202.3.218.138,302,host,linux.ayoblajar.com,BigIP
202.3.218.138,302,host,linux0.ayoblajar.com,BigIP
202.3.218.138,302,host,linux01.ayoblajar.com,BigIP
202.3.218.138,302,host,linux02.ayoblajar.com,BigIP
202.3.218.138,302,host,linux1.ayoblajar.com,BigIP
202.3.218.138,302,host,linux2.ayoblajar.com,BigIP
202.3.218.138,302,host,lista.ayoblajar.com,BigIP
202.3.218.138,302,host,lists.ayoblajar.com,BigIP
202.3.218.138,302,host,listserv.ayoblajar.com,BigIP
202.3.218.138,302,host,listserver.ayoblajar.com,BigIP
180.250.81.46,200,alias,live.ayoblajar.com,
180.250.81.46,200,alias,edge.secure.swiftserve.com,
180.250.81.46,200,alias,cu.sni.edge.swiftserve.com,
180.250.81.46,200,host,cu.sni.jns.swiftserve.com,
180.250.81.47,200,host,cu.sni.jns.swiftserve.com,
202.3.218.138,302,host,lk.ayoblajar.com,BigIP
202.3.218.138,302,host,lkjkui.ayoblajar.com,BigIP
202.3.218.138,302,host,load.ayoblajar.com,BigIP
202.3.218.138,302,host,loadbalancer.ayoblajar.com,BigIP
202.3.218.138,302,host,local.ayoblajar.com,BigIP
202.3.218.138,302,host,localhost.ayoblajar.com,BigIP
202.3.218.138,302,host,log.ayoblajar.com,BigIP
202.3.218.138,302,host,log0.ayoblajar.com,BigIP
202.3.218.138,302,host,log01.ayoblajar.com,BigIP
202.3.218.138,302,host,log02.ayoblajar.com,BigIP
202.3.218.138,302,host,log1.ayoblajar.com,BigIP
202.3.218.138,302,host,log2.ayoblajar.com,BigIP
202.3.218.138,302,host,logfile.ayoblajar.com,BigIP
202.3.218.138,302,host,logfiles.ayoblajar.com,BigIP
202.3.218.138,302,host,logger.ayoblajar.com,BigIP
202.3.218.138,302,host,logging.ayoblajar.com,BigIP
202.3.218.138,302,host,loghost.ayoblajar.com,BigIP
202.3.218.138,302,host,login.ayoblajar.com,BigIP
202.3.218.138,302,host,logs.ayoblajar.com,BigIP
202.3.218.138,302,host,london.ayoblajar.com,BigIP
202.3.218.138,302,host,longbeach.ayoblajar.com,BigIP
202.3.218.138,302,host,losangeles.ayoblajar.com,BigIP
202.3.218.138,302,host,lotus.ayoblajar.com,BigIP
202.3.218.138,302,host,louisiana.ayoblajar.com,BigIP
202.3.218.138,302,host,lr.ayoblajar.com,BigIP
202.3.218.138,302,host,ls.ayoblajar.com,BigIP
202.3.218.138,302,host,lt.ayoblajar.com,BigIP
202.3.218.138,302,host,lu.ayoblajar.com,BigIP
202.3.218.138,302,host,luke.ayoblajar.com,BigIP
202.3.218.138,302,host,lv.ayoblajar.com,BigIP
202.3.218.138,302,host,ly.ayoblajar.com,BigIP
202.3.218.138,302,host,lyris.ayoblajar.com,BigIP
202.3.218.138,302,host,m.ayoblajar.com,BigIP
202.3.218.138,302,host,ma.ayoblajar.com,BigIP
202.3.218.138,302,host,mac.ayoblajar.com,BigIP
202.3.218.138,302,host,mac1.ayoblajar.com,BigIP
202.3.218.138,302,host,mac10.ayoblajar.com,BigIP
202.3.218.138,302,host,mac11.ayoblajar.com,BigIP
202.3.218.138,302,host,mac2.ayoblajar.com,BigIP
202.3.218.138,302,host,mac3.ayoblajar.com,BigIP
202.3.218.138,302,host,mac4.ayoblajar.com,BigIP
202.3.218.138,302,host,mac5.ayoblajar.com,BigIP
202.3.218.138,302,host,mach.ayoblajar.com,BigIP
202.3.218.138,302,host,macintosh.ayoblajar.com,BigIP
202.3.218.138,302,host,madrid.ayoblajar.com,BigIP
202.3.218.138,302,host,mail.ayoblajar.com,BigIP
202.3.218.138,302,host,mail1.ayoblajar.com,BigIP
202.3.218.138,302,host,mail2.ayoblajar.com,BigIP
202.3.218.138,302,host,mailer.ayoblajar.com,BigIP
202.3.218.138,302,host,mailgate.ayoblajar.com,BigIP
202.3.218.138,302,host,mailhost.ayoblajar.com,BigIP
202.3.218.138,302,host,mailing.ayoblajar.com,BigIP
202.3.218.138,302,host,maillist.ayoblajar.com,BigIP
202.3.218.138,302,host,maillists.ayoblajar.com,BigIP
202.3.218.138,302,host,mailroom.ayoblajar.com,BigIP
202.3.218.138,302,host,mailserv.ayoblajar.com,BigIP
202.3.218.138,302,host,mailsite.ayoblajar.com,BigIP
202.3.218.138,302,host,mailsrv.ayoblajar.com,BigIP
202.3.218.138,302,host,main.ayoblajar.com,BigIP
202.3.218.138,302,host,maine.ayoblajar.com,BigIP
202.3.218.138,302,host,maint.ayoblajar.com,BigIP
202.3.218.138,302,host,mall.ayoblajar.com,BigIP
136.232.113.214,502,host,manage.ayoblajar.com,
202.3.218.138,302,host,management.ayoblajar.com,BigIP
202.3.218.138,302,host,manager.ayoblajar.com,BigIP
202.3.218.138,302,host,manufacturing.ayoblajar.com,BigIP
202.3.218.138,302,host,map.ayoblajar.com,BigIP
202.3.218.138,302,host,mapas.ayoblajar.com,BigIP
202.3.218.138,302,host,maps.ayoblajar.com,BigIP
202.3.218.138,302,host,marketing.ayoblajar.com,BigIP
202.3.218.138,302,host,marketplace.ayoblajar.com,BigIP
202.3.218.138,302,host,mars.ayoblajar.com,BigIP
202.3.218.138,302,host,marvin.ayoblajar.com,BigIP
202.3.218.138,302,host,mary.ayoblajar.com,BigIP
202.3.218.138,302,host,maryland.ayoblajar.com,BigIP
202.3.218.138,302,host,massachusetts.ayoblajar.com,BigIP
202.3.218.138,302,host,master.ayoblajar.com,BigIP
202.3.218.138,302,host,max.ayoblajar.com,BigIP
202.3.218.138,302,host,mc.ayoblajar.com,BigIP
202.3.218.138,302,host,mci.ayoblajar.com,BigIP
202.3.218.138,302,host,md.ayoblajar.com,BigIP
202.3.218.138,302,host,mdaemon.ayoblajar.com,BigIP
202.3.218.138,302,host,me.ayoblajar.com,BigIP
202.3.218.138,302,host,media.ayoblajar.com,BigIP
202.3.218.138,302,host,member.ayoblajar.com,BigIP
202.3.218.138,302,host,members.ayoblajar.com,BigIP
202.3.218.138,302,host,memphis.ayoblajar.com,BigIP
202.3.218.138,302,host,mercury.ayoblajar.com,BigIP
202.3.218.138,302,host,merlin.ayoblajar.com,BigIP
202.3.218.138,302,host,messages.ayoblajar.com,BigIP
202.3.218.138,302,host,messenger.ayoblajar.com,BigIP
202.3.218.138,302,host,mg.ayoblajar.com,BigIP
202.3.218.138,302,host,mgmt.ayoblajar.com,BigIP
202.3.218.138,302,host,mh.ayoblajar.com,BigIP
202.3.218.138,302,host,mi.ayoblajar.com,BigIP
202.3.218.138,302,host,miami.ayoblajar.com,BigIP
202.3.218.138,302,host,michigan.ayoblajar.com,BigIP
202.3.218.138,302,host,mickey.ayoblajar.com,BigIP
202.3.218.138,302,host,midwest.ayoblajar.com,BigIP
202.3.218.138,302,host,mike.ayoblajar.com,BigIP
202.3.218.138,302,host,milwaukee.ayoblajar.com,BigIP
202.3.218.138,302,host,minneapolis.ayoblajar.com,BigIP
202.3.218.138,302,host,minnesota.ayoblajar.com,BigIP
202.3.218.138,302,host,mirror.ayoblajar.com,BigIP
202.3.218.138,302,host,mis.ayoblajar.com,BigIP
202.3.218.138,302,host,mississippi.ayoblajar.com,BigIP
202.3.218.138,302,host,missouri.ayoblajar.com,BigIP
202.3.218.138,302,host,mk.ayoblajar.com,BigIP
202.3.218.138,302,host,ml.ayoblajar.com,BigIP
202.3.218.138,302,host,mm.ayoblajar.com,BigIP
202.3.218.138,302,host,mn.ayoblajar.com,BigIP
202.3.218.138,302,host,mngt.ayoblajar.com,BigIP
202.3.218.138,302,host,mo.ayoblajar.com,BigIP
202.3.218.138,302,host,mobile.ayoblajar.com,BigIP
202.3.218.138,302,host,mom.ayoblajar.com,BigIP
202.3.218.138,302,host,monitor.ayoblajar.com,BigIP
202.3.218.138,302,host,monitoring.ayoblajar.com,BigIP
202.3.218.138,302,host,montana.ayoblajar.com,BigIP
202.3.218.138,302,host,moon.ayoblajar.com,BigIP
202.3.218.138,302,host,moscow.ayoblajar.com,BigIP
202.3.218.138,302,host,movies.ayoblajar.com,BigIP
202.3.218.138,302,host,mozart.ayoblajar.com,BigIP
202.3.218.138,302,host,mp.ayoblajar.com,BigIP
202.3.218.138,302,host,mp3.ayoblajar.com,BigIP
202.3.218.138,302,host,mpeg.ayoblajar.com,BigIP
202.3.218.138,302,host,mpg.ayoblajar.com,BigIP
202.3.218.138,302,host,mq.ayoblajar.com,BigIP
202.3.218.138,302,host,mr.ayoblajar.com,BigIP
202.3.218.138,302,host,mrtg.ayoblajar.com,BigIP
202.3.218.138,302,host,ms.ayoblajar.com,BigIP
202.3.218.138,302,host,ms-exchange.ayoblajar.com,BigIP
202.3.218.138,302,host,ms-sql.ayoblajar.com,BigIP
202.3.218.138,302,host,msexchange.ayoblajar.com,BigIP
202.3.218.138,302,host,mssql.ayoblajar.com,BigIP
202.3.218.138,302,host,mssql0.ayoblajar.com,BigIP
202.3.218.138,302,host,mssql01.ayoblajar.com,BigIP
202.3.218.138,302,host,mssql1.ayoblajar.com,BigIP
202.3.218.138,302,host,mt.ayoblajar.com,BigIP
202.3.218.138,302,host,mta.ayoblajar.com,BigIP
202.3.218.138,302,host,mtu.ayoblajar.com,BigIP
202.3.218.138,302,host,mu.ayoblajar.com,BigIP
202.3.218.138,302,host,multimedia.ayoblajar.com,BigIP
202.3.218.138,302,host,music.ayoblajar.com,BigIP
202.3.218.138,302,host,mv.ayoblajar.com,BigIP
202.3.218.138,302,host,mw.ayoblajar.com,BigIP
202.3.218.138,302,host,mx.ayoblajar.com,BigIP
202.3.218.138,302,host,mx1.ayoblajar.com,BigIP
202.3.218.138,302,host,my.ayoblajar.com,BigIP
202.3.218.138,302,host,mysql.ayoblajar.com,BigIP
202.3.218.138,302,host,mysql0.ayoblajar.com,BigIP
202.3.218.138,302,host,mysql01.ayoblajar.com,BigIP
202.3.218.138,302,host,mysql1.ayoblajar.com,BigIP
202.3.218.138,302,host,mz.ayoblajar.com,BigIP
202.3.218.138,302,host,n.ayoblajar.com,BigIP
202.3.218.138,302,host,na.ayoblajar.com,BigIP
202.3.218.138,302,host,name.ayoblajar.com,BigIP
202.3.218.138,302,host,names.ayoblajar.com,BigIP
202.3.218.138,302,host,nameserv.ayoblajar.com,BigIP
202.3.218.138,302,host,nameserver.ayoblajar.com,BigIP
202.3.218.138,302,host,nas.ayoblajar.com,BigIP
202.3.218.138,302,host,nashville.ayoblajar.com,BigIP
202.3.218.138,302,host,nat.ayoblajar.com,BigIP
202.3.218.138,302,host,nc.ayoblajar.com,BigIP
202.3.218.138,302,host,nd.ayoblajar.com,BigIP
202.3.218.138,302,host,nds.ayoblajar.com,BigIP
202.3.218.138,302,host,ne.ayoblajar.com,BigIP
202.3.218.138,302,host,nebraska.ayoblajar.com,BigIP
202.3.218.138,302,host,neptune.ayoblajar.com,BigIP
202.3.218.138,302,host,net.ayoblajar.com,BigIP
202.3.218.138,302,host,netapp.ayoblajar.com,BigIP
202.3.218.138,302,host,netdata.ayoblajar.com,BigIP
202.3.218.138,302,host,netgear.ayoblajar.com,BigIP
202.3.218.138,302,host,netmeeting.ayoblajar.com,BigIP
202.3.218.138,302,host,netscaler.ayoblajar.com,BigIP
202.3.218.138,302,host,netscreen.ayoblajar.com,BigIP
202.3.218.138,302,host,netstats.ayoblajar.com,BigIP
202.3.218.138,302,host,network.ayoblajar.com,BigIP
202.3.218.138,302,host,nevada.ayoblajar.com,BigIP
202.3.218.138,302,host,new.ayoblajar.com,BigIP
202.3.218.138,302,host,newhampshire.ayoblajar.com,BigIP
202.3.218.138,302,host,newjersey.ayoblajar.com,BigIP
202.3.218.138,302,host,newmexico.ayoblajar.com,BigIP
202.3.218.138,302,host,neworleans.ayoblajar.com,BigIP
202.3.218.138,302,host,news.ayoblajar.com,BigIP
202.3.218.138,302,host,newsfeed.ayoblajar.com,BigIP
202.3.218.138,302,host,newsfeeds.ayoblajar.com,BigIP
202.3.218.138,302,host,newsgroups.ayoblajar.com,BigIP
202.3.218.138,302,host,newton.ayoblajar.com,BigIP
202.3.218.138,302,host,newyork.ayoblajar.com,BigIP
202.3.218.138,302,host,newzealand.ayoblajar.com,BigIP
202.3.218.138,302,host,nf.ayoblajar.com,BigIP
202.3.218.138,302,host,ng.ayoblajar.com,BigIP
202.3.218.138,302,host,nh.ayoblajar.com,BigIP
202.3.218.138,302,host,ni.ayoblajar.com,BigIP
202.3.218.138,302,host,nigeria.ayoblajar.com,BigIP
202.3.218.138,302,host,nj.ayoblajar.com,BigIP
202.3.218.138,302,host,nl.ayoblajar.com,BigIP
202.3.218.138,302,host,nm.ayoblajar.com,BigIP
202.3.218.138,302,host,nms.ayoblajar.com,BigIP
202.3.218.138,302,host,nntp.ayoblajar.com,BigIP
202.3.218.138,302,host,no.ayoblajar.com,BigIP
202.3.218.138,302,host,node.ayoblajar.com,BigIP
202.3.218.138,302,host,nokia.ayoblajar.com,BigIP
202.3.218.138,302,host,nombres.ayoblajar.com,BigIP
202.3.218.138,302,host,nora.ayoblajar.com,BigIP
202.3.218.138,302,host,north.ayoblajar.com,BigIP
202.3.218.138,302,host,northcarolina.ayoblajar.com,BigIP
202.3.218.138,302,host,northdakota.ayoblajar.com,BigIP
202.3.218.138,302,host,northeast.ayoblajar.com,BigIP
202.3.218.138,302,host,northwest.ayoblajar.com,BigIP
202.3.218.138,302,host,noticias.ayoblajar.com,BigIP
202.3.218.138,302,host,novell.ayoblajar.com,BigIP
202.3.218.138,302,host,november.ayoblajar.com,BigIP
202.3.218.138,302,host,np.ayoblajar.com,BigIP
202.3.218.138,302,host,nr.ayoblajar.com,BigIP
202.3.218.138,302,host,ns.ayoblajar.com,BigIP
202.3.218.138,302,host,ns0.ayoblajar.com,BigIP
202.3.218.138,302,host,ns01.ayoblajar.com,BigIP
202.3.218.138,302,host,ns02.ayoblajar.com,BigIP
202.3.218.138,302,host,ns1.ayoblajar.com,BigIP
202.3.218.138,302,host,ns2.ayoblajar.com,BigIP
202.3.218.138,302,host,ns3.ayoblajar.com,BigIP
202.3.218.138,302,host,ns4.ayoblajar.com,BigIP
202.3.218.138,302,host,ns5.ayoblajar.com,BigIP
202.3.218.138,302,host,nt.ayoblajar.com,BigIP
202.3.218.138,302,host,nt4.ayoblajar.com,BigIP
202.3.218.138,302,host,nt40.ayoblajar.com,BigIP
202.3.218.138,302,host,ntmail.ayoblajar.com,BigIP
202.3.218.138,302,host,ntp.ayoblajar.com,BigIP
202.3.218.138,302,host,ntserver.ayoblajar.com,BigIP
202.3.218.138,302,host,nu.ayoblajar.com,BigIP
202.3.218.138,302,host,null.ayoblajar.com,BigIP
202.3.218.138,302,host,nv.ayoblajar.com,BigIP
202.3.218.138,302,host,ny.ayoblajar.com,BigIP
202.3.218.138,302,host,nz.ayoblajar.com,BigIP
202.3.218.138,302,host,o.ayoblajar.com,BigIP
202.3.218.138,302,host,oakland.ayoblajar.com,BigIP
202.3.218.138,302,host,ocean.ayoblajar.com,BigIP
202.3.218.138,302,host,odin.ayoblajar.com,BigIP
202.3.218.138,302,host,odoo.ayoblajar.com,BigIP
202.3.218.138,302,host,office.ayoblajar.com,BigIP
202.3.218.138,302,host,offices.ayoblajar.com,BigIP
202.3.218.138,302,host,oh.ayoblajar.com,BigIP
202.3.218.138,302,host,ohio.ayoblajar.com,BigIP
202.3.218.138,302,host,ok.ayoblajar.com,BigIP
202.3.218.138,302,host,oklahoma.ayoblajar.com,BigIP
202.3.218.138,302,host,oklahomacity.ayoblajar.com,BigIP
202.3.218.138,302,host,old.ayoblajar.com,BigIP
202.3.218.138,302,host,om.ayoblajar.com,BigIP
202.3.218.138,302,host,omaha.ayoblajar.com,BigIP
202.3.218.138,302,host,omega.ayoblajar.com,BigIP
202.3.218.138,302,host,omicron.ayoblajar.com,BigIP
202.3.218.138,302,host,online.ayoblajar.com,BigIP
202.3.218.138,302,host,ontario.ayoblajar.com,BigIP
202.3.218.138,302,host,open.ayoblajar.com,BigIP
202.3.218.138,302,host,openbsd.ayoblajar.com,BigIP
202.3.218.138,302,host,openview.ayoblajar.com,BigIP
202.3.218.138,302,host,operations.ayoblajar.com,BigIP
202.3.218.138,302,host,ops.ayoblajar.com,BigIP
202.3.218.138,302,host,ops0.ayoblajar.com,BigIP
202.3.218.138,302,host,ops01.ayoblajar.com,BigIP
202.3.218.138,302,host,ops02.ayoblajar.com,BigIP
202.3.218.138,302,host,ops1.ayoblajar.com,BigIP
202.3.218.138,302,host,ops2.ayoblajar.com,BigIP
202.3.218.138,302,host,opsware.ayoblajar.com,BigIP
202.3.218.138,302,host,or.ayoblajar.com,BigIP
202.3.218.138,302,host,oracle.ayoblajar.com,BigIP
202.3.218.138,302,host,orange.ayoblajar.com,BigIP
54.169.246.79,301,host,order.ayoblajar.com,nginx/1.13.3
3.0.254.126,301,host,order.ayoblajar.com,nginx/1.13.3
202.3.218.138,302,host,orders.ayoblajar.com,BigIP
202.3.218.138,302,host,oregon.ayoblajar.com,BigIP
202.3.218.138,302,host,orion.ayoblajar.com,BigIP
202.3.218.138,302,host,orlando.ayoblajar.com,BigIP
202.3.218.138,302,host,oscar.ayoblajar.com,BigIP
202.3.218.138,302,host,out.ayoblajar.com,BigIP
202.3.218.138,302,host,outbound.ayoblajar.com,BigIP
202.3.218.138,302,host,outgoing.ayoblajar.com,BigIP
202.3.218.138,302,host,outlook.ayoblajar.com,BigIP
202.3.218.138,302,host,outside.ayoblajar.com,BigIP
202.3.218.138,302,host,ov.ayoblajar.com,BigIP
202.3.218.138,302,host,owa.ayoblajar.com,BigIP
202.3.218.138,302,host,owa01.ayoblajar.com,BigIP
202.3.218.138,302,host,owa02.ayoblajar.com,BigIP
202.3.218.138,302,host,owa1.ayoblajar.com,BigIP
202.3.218.138,302,host,owa2.ayoblajar.com,BigIP
202.3.218.138,302,host,ows.ayoblajar.com,BigIP
202.3.218.138,302,host,oxnard.ayoblajar.com,BigIP
202.3.218.138,302,host,p.ayoblajar.com,BigIP
202.3.218.138,302,host,pa.ayoblajar.com,BigIP
202.3.218.138,302,host,page.ayoblajar.com,BigIP
202.3.218.138,302,host,pager.ayoblajar.com,BigIP
202.3.218.138,302,host,pages.ayoblajar.com,BigIP
202.3.218.138,302,host,paginas.ayoblajar.com,BigIP
202.3.218.138,302,host,papa.ayoblajar.com,BigIP
202.3.218.138,302,host,paris.ayoblajar.com,BigIP
202.3.218.138,302,host,parners.ayoblajar.com,BigIP
202.3.218.138,302,host,partner.ayoblajar.com,BigIP
202.3.218.138,302,host,partners.ayoblajar.com,BigIP
202.3.218.138,302,host,patch.ayoblajar.com,BigIP
202.3.218.138,302,host,patches.ayoblajar.com,BigIP
202.3.218.138,302,host,paul.ayoblajar.com,BigIP
202.3.218.138,302,host,payroll.ayoblajar.com,BigIP
202.3.218.138,302,host,pbx.ayoblajar.com,BigIP
202.3.218.138,302,host,pc.ayoblajar.com,BigIP
202.3.218.138,302,host,pc01.ayoblajar.com,BigIP
202.3.218.138,302,host,pc1.ayoblajar.com,BigIP
202.3.218.138,302,host,pc10.ayoblajar.com,BigIP
202.3.218.138,302,host,pc101.ayoblajar.com,BigIP
202.3.218.138,302,host,pc11.ayoblajar.com,BigIP
202.3.218.138,302,host,pc12.ayoblajar.com,BigIP
202.3.218.138,302,host,pc13.ayoblajar.com,BigIP
202.3.218.138,302,host,pc14.ayoblajar.com,BigIP
202.3.218.138,302,host,pc15.ayoblajar.com,BigIP
202.3.218.138,302,host,pc16.ayoblajar.com,BigIP
202.3.218.138,302,host,pc17.ayoblajar.com,BigIP
202.3.218.138,302,host,pc18.ayoblajar.com,BigIP
202.3.218.138,302,host,pc19.ayoblajar.com,BigIP
202.3.218.138,302,host,pc2.ayoblajar.com,BigIP
202.3.218.138,302,host,pc20.ayoblajar.com,BigIP
202.3.218.138,302,host,pc21.ayoblajar.com,BigIP
202.3.218.138,302,host,pc22.ayoblajar.com,BigIP
202.3.218.138,302,host,pc23.ayoblajar.com,BigIP
202.3.218.138,302,host,pc24.ayoblajar.com,BigIP
202.3.218.138,302,host,pc25.ayoblajar.com,BigIP
202.3.218.138,302,host,pc26.ayoblajar.com,BigIP
202.3.218.138,302,host,pc27.ayoblajar.com,BigIP
202.3.218.138,302,host,pc28.ayoblajar.com,BigIP
202.3.218.138,302,host,pc29.ayoblajar.com,BigIP
202.3.218.138,302,host,pc3.ayoblajar.com,BigIP
202.3.218.138,302,host,pc30.ayoblajar.com,BigIP
202.3.218.138,302,host,pc31.ayoblajar.com,BigIP
202.3.218.138,302,host,pc32.ayoblajar.com,BigIP
202.3.218.138,302,host,pc33.ayoblajar.com,BigIP
202.3.218.138,302,host,pc34.ayoblajar.com,BigIP
202.3.218.138,302,host,pc35.ayoblajar.com,BigIP
202.3.218.138,302,host,pc36.ayoblajar.com,BigIP
202.3.218.138,302,host,pc37.ayoblajar.com,BigIP
202.3.218.138,302,host,pc38.ayoblajar.com,BigIP
202.3.218.138,302,host,pc39.ayoblajar.com,BigIP
202.3.218.138,302,host,pc4.ayoblajar.com,BigIP
202.3.218.138,302,host,pc40.ayoblajar.com,BigIP
202.3.218.138,302,host,pc41.ayoblajar.com,BigIP
202.3.218.138,302,host,pc42.ayoblajar.com,BigIP
202.3.218.138,302,host,pc43.ayoblajar.com,BigIP
202.3.218.138,302,host,pc44.ayoblajar.com,BigIP
202.3.218.138,302,host,pc45.ayoblajar.com,BigIP
202.3.218.138,302,host,pc46.ayoblajar.com,BigIP
202.3.218.138,302,host,pc47.ayoblajar.com,BigIP
202.3.218.138,302,host,pc48.ayoblajar.com,BigIP
202.3.218.138,302,host,pc49.ayoblajar.com,BigIP
202.3.218.138,302,host,pc5.ayoblajar.com,BigIP
202.3.218.138,302,host,pc50.ayoblajar.com,BigIP
202.3.218.138,302,host,pc51.ayoblajar.com,BigIP
202.3.218.138,302,host,pc52.ayoblajar.com,BigIP
202.3.218.138,302,host,pc53.ayoblajar.com,BigIP
202.3.218.138,302,host,pc54.ayoblajar.com,BigIP
202.3.218.138,302,host,pc55.ayoblajar.com,BigIP
202.3.218.138,302,host,pc56.ayoblajar.com,BigIP
202.3.218.138,302,host,pc57.ayoblajar.com,BigIP
202.3.218.138,302,host,pc58.ayoblajar.com,BigIP
202.3.218.138,302,host,pc59.ayoblajar.com,BigIP
202.3.218.138,302,host,pc6.ayoblajar.com,BigIP
202.3.218.138,302,host,pc60.ayoblajar.com,BigIP
202.3.218.138,302,host,pc7.ayoblajar.com,BigIP
202.3.218.138,302,host,pc8.ayoblajar.com,BigIP
202.3.218.138,302,host,pc9.ayoblajar.com,BigIP
202.3.218.138,302,host,pcmail.ayoblajar.com,BigIP
202.3.218.138,302,host,pda.ayoblajar.com,BigIP
202.3.218.138,302,host,pdc.ayoblajar.com,BigIP
202.3.218.138,302,host,pe.ayoblajar.com,BigIP
202.3.218.138,302,host,pegasus.ayoblajar.com,BigIP
202.3.218.138,302,host,pennsylvania.ayoblajar.com,BigIP
202.3.218.138,302,host,peoplesoft.ayoblajar.com,BigIP
202.3.218.138,302,host,personal.ayoblajar.com,BigIP
202.3.218.138,302,host,pf.ayoblajar.com,BigIP
202.3.218.138,302,host,pg.ayoblajar.com,BigIP
202.3.218.138,302,host,pgp.ayoblajar.com,BigIP
202.3.218.138,302,host,ph.ayoblajar.com,BigIP
202.3.218.138,302,host,phi.ayoblajar.com,BigIP
202.3.218.138,302,host,philadelphia.ayoblajar.com,BigIP
202.3.218.138,302,host,phoenix.ayoblajar.com,BigIP
202.3.218.138,302,host,phoeniz.ayoblajar.com,BigIP
202.3.218.138,302,host,phone.ayoblajar.com,BigIP
202.3.218.138,302,host,phones.ayoblajar.com,BigIP
202.3.218.138,302,host,photos.ayoblajar.com,BigIP
202.3.218.138,302,host,pi.ayoblajar.com,BigIP
202.3.218.138,302,host,pics.ayoblajar.com,BigIP
202.3.218.138,302,host,picture.ayoblajar.com,BigIP
202.3.218.138,302,host,pictures.ayoblajar.com,BigIP
202.3.218.138,302,host,pink.ayoblajar.com,BigIP
202.3.218.138,302,host,pipex-gw.ayoblajar.com,BigIP
202.3.218.138,302,host,pittsburgh.ayoblajar.com,BigIP
202.3.218.138,302,host,pix.ayoblajar.com,BigIP
202.3.218.138,302,host,pk.ayoblajar.com,BigIP
202.3.218.138,302,host,pki.ayoblajar.com,BigIP
202.3.218.138,302,host,pl.ayoblajar.com,BigIP
202.3.218.138,302,host,plano.ayoblajar.com,BigIP
202.3.218.138,302,host,platinum.ayoblajar.com,BigIP
202.3.218.138,302,host,pluto.ayoblajar.com,BigIP
202.3.218.138,302,host,pm.ayoblajar.com,BigIP
202.3.218.138,302,host,pm1.ayoblajar.com,BigIP
202.3.218.138,302,host,pn.ayoblajar.com,BigIP
202.3.218.138,302,host,po.ayoblajar.com,BigIP
202.3.218.138,302,host,policy.ayoblajar.com,BigIP
202.3.218.138,302,host,polls.ayoblajar.com,BigIP
202.3.218.138,302,host,pop.ayoblajar.com,BigIP
202.3.218.138,302,host,pop3.ayoblajar.com,BigIP
202.3.218.138,302,host,portal.ayoblajar.com,BigIP
202.3.218.138,302,host,portals.ayoblajar.com,BigIP
202.3.218.138,302,host,portfolio.ayoblajar.com,BigIP
202.3.218.138,302,host,portland.ayoblajar.com,BigIP
202.3.218.138,302,host,post.ayoblajar.com,BigIP
202.3.218.138,302,host,posta.ayoblajar.com,BigIP
202.3.218.138,302,host,posta01.ayoblajar.com,BigIP
202.3.218.138,302,host,posta02.ayoblajar.com,BigIP
202.3.218.138,302,host,posta03.ayoblajar.com,BigIP
202.3.218.138,302,host,postales.ayoblajar.com,BigIP
202.3.218.138,302,host,postoffice.ayoblajar.com,BigIP
202.3.218.138,302,host,ppp1.ayoblajar.com,BigIP
202.3.218.138,302,host,ppp10.ayoblajar.com,BigIP
202.3.218.138,302,host,ppp11.ayoblajar.com,BigIP
202.3.218.138,302,host,ppp12.ayoblajar.com,BigIP
202.3.218.138,302,host,ppp13.ayoblajar.com,BigIP
202.3.218.138,302,host,ppp14.ayoblajar.com,BigIP
202.3.218.138,302,host,ppp15.ayoblajar.com,BigIP
202.3.218.138,302,host,ppp16.ayoblajar.com,BigIP
202.3.218.138,302,host,ppp17.ayoblajar.com,BigIP
202.3.218.138,302,host,ppp18.ayoblajar.com,BigIP
202.3.218.138,302,host,ppp19.ayoblajar.com,BigIP
202.3.218.138,302,host,ppp2.ayoblajar.com,BigIP
202.3.218.138,302,host,ppp20.ayoblajar.com,BigIP
202.3.218.138,302,host,ppp21.ayoblajar.com,BigIP
202.3.218.138,302,host,ppp3.ayoblajar.com,BigIP
202.3.218.138,302,host,ppp4.ayoblajar.com,BigIP
202.3.218.138,302,host,ppp5.ayoblajar.com,BigIP
202.3.218.138,302,host,ppp6.ayoblajar.com,BigIP
202.3.218.138,302,host,ppp7.ayoblajar.com,BigIP
202.3.218.138,302,host,ppp8.ayoblajar.com,BigIP
202.3.218.138,302,host,ppp9.ayoblajar.com,BigIP
202.3.218.138,302,host,pptp.ayoblajar.com,BigIP
202.3.218.138,302,host,pr.ayoblajar.com,BigIP
202.3.218.138,302,host,prensa.ayoblajar.com,BigIP
202.3.218.138,302,host,press.ayoblajar.com,BigIP
202.3.218.138,302,host,priv.ayoblajar.com,BigIP
202.3.218.138,302,host,privacy.ayoblajar.com,BigIP
202.3.218.138,302,host,private.ayoblajar.com,BigIP
202.3.218.138,302,host,problemtracker.ayoblajar.com,BigIP
202.3.218.138,302,host,products.ayoblajar.com,BigIP
202.3.218.138,302,host,profiles.ayoblajar.com,BigIP
202.3.218.138,302,host,project.ayoblajar.com,BigIP
202.3.218.138,302,host,projects.ayoblajar.com,BigIP
202.3.218.138,302,host,promo.ayoblajar.com,BigIP
202.3.218.138,302,host,proxy.ayoblajar.com,BigIP
202.3.218.138,302,host,prueba.ayoblajar.com,BigIP
202.3.218.138,302,host,pruebas.ayoblajar.com,BigIP
202.3.218.138,302,host,ps.ayoblajar.com,BigIP
202.3.218.138,302,host,psi.ayoblajar.com,BigIP
202.3.218.138,302,host,pss.ayoblajar.com,BigIP
202.3.218.138,302,host,pt.ayoblajar.com,BigIP
202.3.218.138,302,host,pub.ayoblajar.com,BigIP
202.3.218.138,302,host,public.ayoblajar.com,BigIP
202.3.218.138,302,host,pubs.ayoblajar.com,BigIP
202.3.218.138,302,host,purple.ayoblajar.com,BigIP
202.3.218.138,302,host,pw.ayoblajar.com,BigIP
202.3.218.138,302,host,py.ayoblajar.com,BigIP
202.3.218.138,302,host,q.ayoblajar.com,BigIP
202.3.218.138,302,host,qa.ayoblajar.com,BigIP
202.3.218.138,302,host,qmail.ayoblajar.com,BigIP
202.3.218.138,302,host,qotd.ayoblajar.com,BigIP
202.3.218.138,302,host,quake.ayoblajar.com,BigIP
202.3.218.138,302,host,quebec.ayoblajar.com,BigIP
202.3.218.138,302,host,queen.ayoblajar.com,BigIP
202.3.218.138,302,host,quotes.ayoblajar.com,BigIP
202.3.218.138,302,host,r.ayoblajar.com,BigIP
202.3.218.138,302,host,r01.ayoblajar.com,BigIP
202.3.218.138,302,host,r02.ayoblajar.com,BigIP
202.3.218.138,302,host,r1.ayoblajar.com,BigIP
202.3.218.138,302,host,r2.ayoblajar.com,BigIP
202.3.218.138,302,host,ra.ayoblajar.com,BigIP
202.3.218.138,302,host,radio.ayoblajar.com,BigIP
202.3.218.138,302,host,radius.ayoblajar.com,BigIP
202.3.218.138,302,host,rapidsite.ayoblajar.com,BigIP
202.3.218.138,302,host,raptor.ayoblajar.com,BigIP
202.3.218.138,302,host,ras.ayoblajar.com,BigIP
202.3.218.138,302,host,rc.ayoblajar.com,BigIP
202.3.218.138,302,host,rcs.ayoblajar.com,BigIP
202.3.218.138,302,host,rd.ayoblajar.com,BigIP
202.3.218.138,302,host,re.ayoblajar.com,BigIP
202.3.218.138,302,host,read.ayoblajar.com,BigIP
202.3.218.138,302,host,realserver.ayoblajar.com,BigIP
202.3.218.138,302,host,recruiting.ayoblajar.com,BigIP
202.3.218.138,302,host,red.ayoblajar.com,BigIP
202.3.218.138,302,host,redhat.ayoblajar.com,BigIP
202.3.218.138,302,host,ref.ayoblajar.com,BigIP
202.3.218.138,302,host,reference.ayoblajar.com,BigIP
202.3.218.138,302,host,reg.ayoblajar.com,BigIP
202.3.218.138,302,host,register.ayoblajar.com,BigIP
202.3.218.138,302,host,registro.ayoblajar.com,BigIP
3.0.254.126,200,host,registry.ayoblajar.com,
54.169.246.79,200,host,registry.ayoblajar.com,
202.3.218.138,302,host,regs.ayoblajar.com,BigIP
202.3.218.138,302,host,relay.ayoblajar.com,BigIP
202.3.218.138,302,host,rem.ayoblajar.com,BigIP
202.3.218.138,302,host,remote.ayoblajar.com,BigIP
202.3.218.138,302,host,remstats.ayoblajar.com,BigIP
202.3.218.138,302,host,reports.ayoblajar.com,BigIP
202.3.218.138,302,host,research.ayoblajar.com,BigIP
202.3.218.138,302,host,reseller.ayoblajar.com,BigIP
202.3.218.138,302,host,reserved.ayoblajar.com,BigIP
202.3.218.138,302,host,resumenes.ayoblajar.com,BigIP
202.3.218.138,302,host,rho.ayoblajar.com,BigIP
202.3.218.138,302,host,rhodeisland.ayoblajar.com,BigIP
202.3.218.138,302,host,ri.ayoblajar.com,BigIP
202.3.218.138,302,host,ris.ayoblajar.com,BigIP
202.3.218.138,302,host,rmi.ayoblajar.com,BigIP
202.3.218.138,302,host,ro.ayoblajar.com,BigIP
202.3.218.138,302,host,robert.ayoblajar.com,BigIP
202.3.218.138,302,host,romeo.ayoblajar.com,BigIP
202.3.218.138,302,host,root.ayoblajar.com,BigIP
202.3.218.138,302,host,rose.ayoblajar.com,BigIP
202.3.218.138,302,host,route.ayoblajar.com,BigIP
202.3.218.138,302,host,router.ayoblajar.com,BigIP
202.3.218.138,302,host,router1.ayoblajar.com,BigIP
202.3.218.138,302,host,rs.ayoblajar.com,BigIP
202.3.218.138,302,host,rss.ayoblajar.com,BigIP
202.3.218.138,302,host,rtelnet.ayoblajar.com,BigIP
202.3.218.138,302,host,rtr.ayoblajar.com,BigIP
202.3.218.138,302,host,rtr01.ayoblajar.com,BigIP
202.3.218.138,302,host,rtr1.ayoblajar.com,BigIP
202.3.218.138,302,host,ru.ayoblajar.com,BigIP
202.3.218.138,302,host,rune.ayoblajar.com,BigIP
202.3.218.138,302,host,rw.ayoblajar.com,BigIP
202.3.218.138,302,host,rwhois.ayoblajar.com,BigIP
202.3.218.138,302,host,s.ayoblajar.com,BigIP
202.3.218.138,302,host,s1.ayoblajar.com,BigIP
202.3.218.138,302,host,s2.ayoblajar.com,BigIP
202.3.218.138,302,host,sa.ayoblajar.com,BigIP
202.3.218.138,302,host,sac.ayoblajar.com,BigIP
202.3.218.138,302,host,sacramento.ayoblajar.com,BigIP
202.3.218.138,302,host,sadmin.ayoblajar.com,BigIP
202.3.218.138,302,host,safe.ayoblajar.com,BigIP
202.3.218.138,302,host,sales.ayoblajar.com,BigIP
202.3.218.138,302,host,saltlake.ayoblajar.com,BigIP
202.3.218.138,302,host,sam.ayoblajar.com,BigIP
202.3.218.138,302,host,san.ayoblajar.com,BigIP
202.3.218.138,302,host,sanantonio.ayoblajar.com,BigIP
202.3.218.138,302,host,sandiego.ayoblajar.com,BigIP
202.3.218.138,302,host,sanfrancisco.ayoblajar.com,BigIP
202.3.218.138,302,host,sanjose.ayoblajar.com,BigIP
202.3.218.138,302,host,saskatchewan.ayoblajar.com,BigIP
202.3.218.138,302,host,saturn.ayoblajar.com,BigIP
202.3.218.138,302,host,sb.ayoblajar.com,BigIP
202.3.218.138,302,host,sbs.ayoblajar.com,BigIP
202.3.218.138,302,host,sc.ayoblajar.com,BigIP
202.3.218.138,302,host,scanner.ayoblajar.com,BigIP
202.3.218.138,302,host,schedules.ayoblajar.com,BigIP
202.3.218.138,302,host,scotland.ayoblajar.com,BigIP
202.3.218.138,302,host,scotty.ayoblajar.com,BigIP
202.3.218.138,302,host,sd.ayoblajar.com,BigIP
202.3.218.138,302,host,se.ayoblajar.com,BigIP
202.3.218.138,302,host,search.ayoblajar.com,BigIP
202.3.218.138,302,host,seattle.ayoblajar.com,BigIP
202.3.218.138,302,host,sec.ayoblajar.com,BigIP
202.3.218.138,302,host,secret.ayoblajar.com,BigIP
202.3.218.138,302,host,secure.ayoblajar.com,BigIP
202.3.218.138,302,host,secured.ayoblajar.com,BigIP
202.3.218.138,302,host,securid.ayoblajar.com,BigIP
202.3.218.138,302,host,security.ayoblajar.com,BigIP
202.3.218.138,302,host,sendmail.ayoblajar.com,BigIP
202.3.218.138,302,host,seri.ayoblajar.com,BigIP
202.3.218.138,302,host,serv.ayoblajar.com,BigIP
202.3.218.138,302,host,serv2.ayoblajar.com,BigIP
202.3.218.138,302,host,server.ayoblajar.com,BigIP
202.3.218.138,302,host,server1.ayoblajar.com,BigIP
202.3.218.138,302,host,servers.ayoblajar.com,BigIP
54.169.246.79,301,host,service.ayoblajar.com,nginx/1.13.3
3.0.254.126,301,host,service.ayoblajar.com,nginx/1.13.3
202.3.218.138,302,host,services.ayoblajar.com,BigIP
202.3.218.138,302,host,servicio.ayoblajar.com,BigIP
202.3.218.138,302,host,servidor.ayoblajar.com,BigIP
202.3.218.138,302,host,setup.ayoblajar.com,BigIP
202.3.218.138,302,host,sg.ayoblajar.com,BigIP
202.3.218.138,302,host,sh.ayoblajar.com,BigIP
202.3.218.138,302,host,sha2.ayoblajar.com,BigIP
202.3.218.138,302,host,shared.ayoblajar.com,BigIP
202.3.218.138,302,host,sharepoint.ayoblajar.com,BigIP
202.3.218.138,302,host,shareware.ayoblajar.com,BigIP
202.3.218.138,302,host,shipping.ayoblajar.com,BigIP
202.3.218.138,302,host,shop.ayoblajar.com,BigIP
202.3.218.138,302,host,shoppers.ayoblajar.com,BigIP
202.3.218.138,302,host,shopping.ayoblajar.com,BigIP
202.3.218.138,302,host,si.ayoblajar.com,BigIP
202.3.218.138,302,host,siebel.ayoblajar.com,BigIP
202.3.218.138,302,host,sierra.ayoblajar.com,BigIP
202.3.218.138,302,host,sigma.ayoblajar.com,BigIP
202.3.218.138,302,host,signin.ayoblajar.com,BigIP
202.3.218.138,302,host,signup.ayoblajar.com,BigIP
202.3.218.138,302,host,silver.ayoblajar.com,BigIP
202.3.218.138,302,host,sim.ayoblajar.com,BigIP
202.3.218.138,302,host,sirius.ayoblajar.com,BigIP
202.3.218.138,302,host,site.ayoblajar.com,BigIP
202.3.218.138,302,host,sj.ayoblajar.com,BigIP
202.3.218.138,302,host,sk.ayoblajar.com,BigIP
202.3.218.138,302,host,skywalker.ayoblajar.com,BigIP
202.3.218.138,302,host,sl.ayoblajar.com,BigIP
202.3.218.138,302,host,slackware.ayoblajar.com,BigIP
202.3.218.138,302,host,slmail.ayoblajar.com,BigIP
202.3.218.138,302,host,sm.ayoblajar.com,BigIP
202.3.218.138,302,host,smc.ayoblajar.com,BigIP
202.3.218.138,302,host,sms.ayoblajar.com,BigIP
202.3.218.138,302,host,smtp.ayoblajar.com,BigIP
202.3.218.138,302,host,smtphost.ayoblajar.com,BigIP
202.3.218.138,302,host,sn.ayoblajar.com,BigIP
202.3.218.138,302,host,sniffer.ayoblajar.com,BigIP
202.3.218.138,302,host,snmp.ayoblajar.com,BigIP
202.3.218.138,302,host,snmpd.ayoblajar.com,BigIP
202.3.218.138,302,host,snoopy.ayoblajar.com,BigIP
202.3.218.138,302,host,snort.ayoblajar.com,BigIP
202.3.218.138,302,host,so.ayoblajar.com,BigIP
202.3.218.138,302,host,social.ayoblajar.com,BigIP
202.3.218.138,302,host,software.ayoblajar.com,BigIP
202.3.218.138,302,host,sol.ayoblajar.com,BigIP
202.3.218.138,302,host,solaris.ayoblajar.com,BigIP
202.3.218.138,302,host,solutions.ayoblajar.com,BigIP
202.3.218.138,302,host,soporte.ayoblajar.com,BigIP
202.3.218.138,302,host,source.ayoblajar.com,BigIP
202.3.218.138,302,host,sourcecode.ayoblajar.com,BigIP
202.3.218.138,302,host,sourcesafe.ayoblajar.com,BigIP
202.3.218.138,302,host,south.ayoblajar.com,BigIP
202.3.218.138,302,host,southcarolina.ayoblajar.com,BigIP
202.3.218.138,302,host,southdakota.ayoblajar.com,BigIP
202.3.218.138,302,host,southeast.ayoblajar.com,BigIP
202.3.218.138,302,host,southwest.ayoblajar.com,BigIP
202.3.218.138,302,host,spain.ayoblajar.com,BigIP
202.3.218.138,302,host,spam.ayoblajar.com,BigIP
202.3.218.138,302,host,spider.ayoblajar.com,BigIP
202.3.218.138,302,host,spiderman.ayoblajar.com,BigIP
202.3.218.138,302,host,splunk.ayoblajar.com,BigIP
202.3.218.138,302,host,spock.ayoblajar.com,BigIP
202.3.218.138,302,host,spokane.ayoblajar.com,BigIP
202.3.218.138,302,host,springfield.ayoblajar.com,BigIP
202.3.218.138,302,host,sqa.ayoblajar.com,BigIP
202.3.218.138,302,host,sql.ayoblajar.com,BigIP
202.3.218.138,302,host,sql0.ayoblajar.com,BigIP
202.3.218.138,302,host,sql01.ayoblajar.com,BigIP
202.3.218.138,302,host,sql1.ayoblajar.com,BigIP
202.3.218.138,302,host,sql7.ayoblajar.com,BigIP
202.3.218.138,302,host,sqlserver.ayoblajar.com,BigIP
202.3.218.138,302,host,squid.ayoblajar.com,BigIP
202.3.218.138,302,host,sr.ayoblajar.com,BigIP
202.3.218.138,302,host,ss.ayoblajar.com,BigIP
202.3.218.138,302,host,ssh.ayoblajar.com,BigIP
202.3.218.138,302,host,ssl.ayoblajar.com,BigIP
202.3.218.138,302,host,ssl0.ayoblajar.com,BigIP
202.3.218.138,302,host,ssl01.ayoblajar.com,BigIP
202.3.218.138,302,host,ssl1.ayoblajar.com,BigIP
202.3.218.138,302,host,st.ayoblajar.com,BigIP
202.3.218.138,302,host,staff.ayoblajar.com,BigIP
202.3.218.138,302,host,stage.ayoblajar.com,BigIP
202.3.218.138,302,host,staging.ayoblajar.com,BigIP
202.3.218.138,302,host,start.ayoblajar.com,BigIP
202.3.218.138,302,host,stat.ayoblajar.com,BigIP
202.3.218.138,302,host,static.ayoblajar.com,BigIP
202.3.218.138,302,host,statistics.ayoblajar.com,BigIP
202.3.218.138,302,host,stats.ayoblajar.com,BigIP
202.3.218.138,302,host,stlouis.ayoblajar.com,BigIP
202.3.218.138,302,host,stock.ayoblajar.com,BigIP
202.3.218.138,302,host,storage.ayoblajar.com,BigIP
202.3.218.138,302,host,store.ayoblajar.com,BigIP
202.3.218.138,302,host,storefront.ayoblajar.com,BigIP
202.3.218.138,302,host,streaming.ayoblajar.com,BigIP
202.3.218.138,302,host,stronghold.ayoblajar.com,BigIP
202.3.218.138,302,host,strongmail.ayoblajar.com,BigIP
202.3.218.138,302,host,studio.ayoblajar.com,BigIP
202.3.218.138,302,host,submit.ayoblajar.com,BigIP
202.3.218.138,302,host,subversion.ayoblajar.com,BigIP
202.3.218.138,302,host,sun.ayoblajar.com,BigIP
202.3.218.138,302,host,sun0.ayoblajar.com,BigIP
202.3.218.138,302,host,sun01.ayoblajar.com,BigIP
202.3.218.138,302,host,sun02.ayoblajar.com,BigIP
202.3.218.138,302,host,sun1.ayoblajar.com,BigIP
202.3.218.138,302,host,sun2.ayoblajar.com,BigIP
202.3.218.138,302,host,superman.ayoblajar.com,BigIP
202.3.218.138,302,host,supplier.ayoblajar.com,BigIP
202.3.218.138,302,host,suppliers.ayoblajar.com,BigIP
202.3.218.138,302,host,support.ayoblajar.com,BigIP
202.3.218.138,302,host,sv.ayoblajar.com,BigIP
202.3.218.138,302,host,sw.ayoblajar.com,BigIP
202.3.218.138,302,host,sw0.ayoblajar.com,BigIP
202.3.218.138,302,host,sw01.ayoblajar.com,BigIP
202.3.218.138,302,host,sw1.ayoblajar.com,BigIP
202.3.218.138,302,host,sweden.ayoblajar.com,BigIP
202.3.218.138,302,host,switch.ayoblajar.com,BigIP
202.3.218.138,302,host,switzerland.ayoblajar.com,BigIP
202.3.218.138,302,host,sy.ayoblajar.com,BigIP
202.3.218.138,302,host,sybase.ayoblajar.com,BigIP
202.3.218.138,302,host,sydney.ayoblajar.com,BigIP
202.3.218.138,302,host,sysadmin.ayoblajar.com,BigIP
202.3.218.138,302,host,sysback.ayoblajar.com,BigIP
202.3.218.138,302,host,syslog.ayoblajar.com,BigIP
202.3.218.138,302,host,syslogs.ayoblajar.com,BigIP
202.3.218.138,302,host,system.ayoblajar.com,BigIP
202.3.218.138,302,host,sz.ayoblajar.com,BigIP
202.3.218.138,302,host,t.ayoblajar.com,BigIP
202.3.218.138,302,host,tacoma.ayoblajar.com,BigIP
202.3.218.138,302,host,taiwan.ayoblajar.com,BigIP
202.3.218.138,302,host,talk.ayoblajar.com,BigIP
202.3.218.138,302,host,tampa.ayoblajar.com,BigIP
202.3.218.138,302,host,tango.ayoblajar.com,BigIP
202.3.218.138,302,host,tau.ayoblajar.com,BigIP
202.3.218.138,302,host,tc.ayoblajar.com,BigIP
202.3.218.138,302,host,tcl.ayoblajar.com,BigIP
202.3.218.138,302,host,td.ayoblajar.com,BigIP
202.3.218.138,302,host,team.ayoblajar.com,BigIP
202.3.218.138,302,host,tech.ayoblajar.com,BigIP
202.3.218.138,302,host,technology.ayoblajar.com,BigIP
202.3.218.138,302,host,techsupport.ayoblajar.com,BigIP
202.3.218.138,302,host,telephone.ayoblajar.com,BigIP
202.3.218.138,302,host,telephony.ayoblajar.com,BigIP
202.3.218.138,302,host,telnet.ayoblajar.com,BigIP
202.3.218.138,302,host,temp.ayoblajar.com,BigIP
202.3.218.138,302,host,tennessee.ayoblajar.com,BigIP
202.3.218.138,302,host,terminal.ayoblajar.com,BigIP
202.3.218.138,302,host,terminalserver.ayoblajar.com,BigIP
202.3.218.138,302,host,termserv.ayoblajar.com,BigIP
202.3.218.138,302,host,test.ayoblajar.com,BigIP
202.3.218.138,302,host,test2k.ayoblajar.com,BigIP
202.3.218.138,302,host,testbed.ayoblajar.com,BigIP
202.3.218.138,302,host,testing.ayoblajar.com,BigIP
202.3.218.138,302,host,testlab.ayoblajar.com,BigIP
202.3.218.138,302,host,testlinux.ayoblajar.com,BigIP
202.3.218.138,302,host,testo.ayoblajar.com,BigIP
202.3.218.138,302,host,testserver.ayoblajar.com,BigIP
202.3.218.138,302,host,testsite.ayoblajar.com,BigIP
202.3.218.138,302,host,testsql.ayoblajar.com,BigIP
202.3.218.138,302,host,testxp.ayoblajar.com,BigIP
202.3.218.138,302,host,texas.ayoblajar.com,BigIP
202.3.218.138,302,host,tf.ayoblajar.com,BigIP
202.3.218.138,302,host,tftp.ayoblajar.com,BigIP
202.3.218.138,302,host,tg.ayoblajar.com,BigIP
202.3.218.138,302,host,th.ayoblajar.com,BigIP
202.3.218.138,302,host,thailand.ayoblajar.com,BigIP
202.3.218.138,302,host,theta.ayoblajar.com,BigIP
202.3.218.138,302,host,thor.ayoblajar.com,BigIP
202.3.218.138,302,host,tienda.ayoblajar.com,BigIP
202.3.218.138,302,host,tiger.ayoblajar.com,BigIP
202.3.218.138,302,host,time.ayoblajar.com,BigIP
202.3.218.138,302,host,titan.ayoblajar.com,BigIP
202.3.218.138,302,host,tivoli.ayoblajar.com,BigIP
202.3.218.138,302,host,tj.ayoblajar.com,BigIP
202.3.218.138,302,host,tk.ayoblajar.com,BigIP
202.3.218.138,302,host,tm.ayoblajar.com,BigIP
202.3.218.138,302,host,tn.ayoblajar.com,BigIP
202.3.218.138,302,host,to.ayoblajar.com,BigIP
202.3.218.138,302,host,tokyo.ayoblajar.com,BigIP
202.3.218.138,302,host,toledo.ayoblajar.com,BigIP
202.3.218.138,302,host,tom.ayoblajar.com,BigIP
202.3.218.138,302,host,tool.ayoblajar.com,BigIP
202.3.218.138,302,host,tools.ayoblajar.com,BigIP
202.3.218.138,302,host,toplayer.ayoblajar.com,BigIP
202.3.218.138,302,host,toronto.ayoblajar.com,BigIP
202.3.218.138,302,host,tour.ayoblajar.com,BigIP
202.3.218.138,302,host,tp.ayoblajar.com,BigIP
202.3.218.138,302,host,tr.ayoblajar.com,BigIP
202.3.218.138,302,host,tracker.ayoblajar.com,BigIP
202.3.218.138,302,host,train.ayoblajar.com,BigIP
202.3.218.138,302,host,training.ayoblajar.com,BigIP
202.3.218.138,302,host,transfers.ayoblajar.com,BigIP
202.3.218.138,302,host,trinidad.ayoblajar.com,BigIP
202.3.218.138,302,host,trinity.ayoblajar.com,BigIP
202.3.218.138,302,host,ts.ayoblajar.com,BigIP
202.3.218.138,302,host,ts1.ayoblajar.com,BigIP
202.3.218.138,302,host,tt.ayoblajar.com,BigIP
202.3.218.138,302,host,tucson.ayoblajar.com,BigIP
202.3.218.138,302,host,tulsa.ayoblajar.com,BigIP
202.3.218.138,302,host,tumb.ayoblajar.com,BigIP
202.3.218.138,302,host,tumblr.ayoblajar.com,BigIP
202.3.218.138,302,host,tunnel.ayoblajar.com,BigIP
202.3.218.138,302,host,tv.ayoblajar.com,BigIP
202.3.218.138,302,host,tw.ayoblajar.com,BigIP
202.3.218.138,302,host,tx.ayoblajar.com,BigIP
202.3.218.138,302,host,tz.ayoblajar.com,BigIP
202.3.218.138,302,host,u.ayoblajar.com,BigIP
202.3.218.138,302,host,ua.ayoblajar.com,BigIP
202.3.218.138,302,host,uddi.ayoblajar.com,BigIP
202.3.218.138,302,host,ug.ayoblajar.com,BigIP
202.3.218.138,302,host,uk.ayoblajar.com,BigIP
202.3.218.138,302,host,um.ayoblajar.com,BigIP
202.3.218.138,302,host,uniform.ayoblajar.com,BigIP
202.3.218.138,302,host,union.ayoblajar.com,BigIP
202.3.218.138,302,host,unitedkingdom.ayoblajar.com,BigIP
202.3.218.138,302,host,unitedstates.ayoblajar.com,BigIP
202.3.218.138,302,host,unix.ayoblajar.com,BigIP
202.3.218.138,302,host,unixware.ayoblajar.com,BigIP
202.3.218.138,302,host,update.ayoblajar.com,BigIP
202.3.218.138,302,host,updates.ayoblajar.com,BigIP
202.3.218.138,302,host,upload.ayoblajar.com,BigIP
202.3.218.138,302,host,ups.ayoblajar.com,BigIP
202.3.218.138,302,host,upsilon.ayoblajar.com,BigIP
202.3.218.138,302,host,uranus.ayoblajar.com,BigIP
202.3.218.138,302,host,urchin.ayoblajar.com,BigIP
202.3.218.138,302,host,us.ayoblajar.com,BigIP
202.3.218.138,302,host,usa.ayoblajar.com,BigIP
202.3.218.138,302,host,usenet.ayoblajar.com,BigIP
54.169.246.79,301,host,user.ayoblajar.com,nginx/1.13.3
3.0.254.126,301,host,user.ayoblajar.com,nginx/1.13.3
202.3.218.138,302,host,users.ayoblajar.com,BigIP
202.3.218.138,302,host,ut.ayoblajar.com,BigIP
202.3.218.138,302,host,utah.ayoblajar.com,BigIP
202.3.218.138,302,host,utilities.ayoblajar.com,BigIP
202.3.218.138,302,host,uy.ayoblajar.com,BigIP
202.3.218.138,302,host,uz.ayoblajar.com,BigIP
202.3.218.138,302,host,v.ayoblajar.com,BigIP
202.3.218.138,302,host,va.ayoblajar.com,BigIP
202.3.218.138,302,host,vader.ayoblajar.com,BigIP
202.3.218.138,302,host,vantive.ayoblajar.com,BigIP
202.3.218.138,302,host,vault.ayoblajar.com,BigIP
202.3.218.138,302,host,vc.ayoblajar.com,BigIP
202.3.218.138,302,host,ve.ayoblajar.com,BigIP
202.3.218.138,302,host,vega.ayoblajar.com,BigIP
202.3.218.138,302,host,vegas.ayoblajar.com,BigIP
202.3.218.138,302,host,vend.ayoblajar.com,BigIP
202.3.218.138,302,host,vendors.ayoblajar.com,BigIP
202.3.218.138,302,host,venus.ayoblajar.com,BigIP
202.3.218.138,302,host,vermont.ayoblajar.com,BigIP
202.3.218.138,302,host,vg.ayoblajar.com,BigIP
202.3.218.138,302,host,vi.ayoblajar.com,BigIP
202.3.218.138,302,host,victor.ayoblajar.com,BigIP
3.0.254.126,301,host,video.ayoblajar.com,nginx/1.13.3
54.169.246.79,301,host,video.ayoblajar.com,nginx/1.13.3
202.3.218.138,302,host,videos.ayoblajar.com,BigIP
202.3.218.138,302,host,viking.ayoblajar.com,BigIP
202.3.218.138,302,host,violet.ayoblajar.com,BigIP
202.3.218.138,302,host,vip.ayoblajar.com,BigIP
202.3.218.138,302,host,virginia.ayoblajar.com,BigIP
202.3.218.138,302,host,vista.ayoblajar.com,BigIP
202.3.218.138,302,host,vm.ayoblajar.com,BigIP
202.3.218.138,302,host,vmserver.ayoblajar.com,BigIP
202.3.218.138,302,host,vmware.ayoblajar.com,BigIP
202.3.218.138,302,host,vn.ayoblajar.com,BigIP
202.3.218.138,302,host,vnc.ayoblajar.com,BigIP
202.3.218.138,302,host,voice.ayoblajar.com,BigIP
202.3.218.138,302,host,voicemail.ayoblajar.com,BigIP
202.3.218.138,302,host,voip.ayoblajar.com,BigIP
202.3.218.138,302,host,voyager.ayoblajar.com,BigIP
202.3.218.138,302,host,vpn.ayoblajar.com,BigIP
202.3.218.138,302,host,vpn0.ayoblajar.com,BigIP
202.3.218.138,302,host,vpn01.ayoblajar.com,BigIP
202.3.218.138,302,host,vpn02.ayoblajar.com,BigIP
202.3.218.138,302,host,vpn1.ayoblajar.com,BigIP
202.3.218.138,302,host,vpn2.ayoblajar.com,BigIP
202.3.218.138,302,host,vt.ayoblajar.com,BigIP
202.3.218.138,302,host,vu.ayoblajar.com,BigIP
202.3.218.138,302,host,w.ayoblajar.com,BigIP
202.3.218.138,302,host,w1.ayoblajar.com,BigIP
202.3.218.138,302,host,w2.ayoblajar.com,BigIP
202.3.218.138,302,host,w3.ayoblajar.com,BigIP
202.3.218.138,302,host,wa.ayoblajar.com,BigIP
202.3.218.138,302,host,wais.ayoblajar.com,BigIP
202.3.218.138,302,host,wallet.ayoblajar.com,BigIP
202.3.218.138,302,host,wam.ayoblajar.com,BigIP
202.3.218.138,302,host,wan.ayoblajar.com,BigIP
202.3.218.138,302,host,wap.ayoblajar.com,BigIP
202.3.218.138,302,host,warehouse.ayoblajar.com,BigIP
202.3.218.138,302,host,washington.ayoblajar.com,BigIP
202.3.218.138,302,host,wc3.ayoblajar.com,BigIP
202.3.218.138,302,host,web.ayoblajar.com,BigIP
202.3.218.138,302,host,webaccess.ayoblajar.com,BigIP
202.3.218.138,302,host,webadmin.ayoblajar.com,BigIP
202.3.218.138,302,host,webalizer.ayoblajar.com,BigIP
202.3.218.138,302,host,webboard.ayoblajar.com,BigIP
202.3.218.138,302,host,webcache.ayoblajar.com,BigIP
202.3.218.138,302,host,webcam.ayoblajar.com,BigIP
202.3.218.138,302,host,webcast.ayoblajar.com,BigIP
202.3.218.138,302,host,webdev.ayoblajar.com,BigIP
202.3.218.138,302,host,webdocs.ayoblajar.com,BigIP
202.3.218.138,302,host,webfarm.ayoblajar.com,BigIP
202.3.218.138,302,host,webhelp.ayoblajar.com,BigIP
202.3.218.138,302,host,weblib.ayoblajar.com,BigIP
202.3.218.138,302,host,weblogic.ayoblajar.com,BigIP
202.3.218.138,302,host,webmail.ayoblajar.com,BigIP
202.3.218.138,302,host,webmaster.ayoblajar.com,BigIP
202.3.218.138,302,host,webproxy.ayoblajar.com,BigIP
202.3.218.138,302,host,webring.ayoblajar.com,BigIP
202.3.218.138,302,host,webs.ayoblajar.com,BigIP
202.3.218.138,302,host,webserv.ayoblajar.com,BigIP
202.3.218.138,302,host,webserver.ayoblajar.com,BigIP
202.3.218.138,302,host,webservices.ayoblajar.com,BigIP
202.3.218.138,302,host,website.ayoblajar.com,BigIP
202.3.218.138,302,host,websites.ayoblajar.com,BigIP
202.3.218.138,302,host,websphere.ayoblajar.com,BigIP
202.3.218.138,302,host,websrv.ayoblajar.com,BigIP
202.3.218.138,302,host,websrvr.ayoblajar.com,BigIP
202.3.218.138,302,host,webstats.ayoblajar.com,BigIP
202.3.218.138,302,host,webstore.ayoblajar.com,BigIP
202.3.218.138,302,host,websvr.ayoblajar.com,BigIP
202.3.218.138,302,host,webtrends.ayoblajar.com,BigIP
202.3.218.138,302,host,welcome.ayoblajar.com,BigIP
202.3.218.138,302,host,west.ayoblajar.com,BigIP
202.3.218.138,302,host,westvirginia.ayoblajar.com,BigIP
202.3.218.138,302,host,wf.ayoblajar.com,BigIP
202.3.218.138,302,host,whiskey.ayoblajar.com,BigIP
202.3.218.138,302,host,white.ayoblajar.com,BigIP
202.3.218.138,302,host,whois.ayoblajar.com,BigIP
202.3.218.138,302,host,wi.ayoblajar.com,BigIP
202.3.218.138,302,host,wichita.ayoblajar.com,BigIP
202.3.218.138,302,host,wiki.ayoblajar.com,BigIP
202.3.218.138,302,host,wililiam.ayoblajar.com,BigIP
202.3.218.138,302,host,win.ayoblajar.com,BigIP
202.3.218.138,302,host,win01.ayoblajar.com,BigIP
202.3.218.138,302,host,win02.ayoblajar.com,BigIP
202.3.218.138,302,host,win1.ayoblajar.com,BigIP
202.3.218.138,302,host,win2.ayoblajar.com,BigIP
202.3.218.138,302,host,win2000.ayoblajar.com,BigIP
202.3.218.138,302,host,win2003.ayoblajar.com,BigIP
202.3.218.138,302,host,win2k.ayoblajar.com,BigIP
202.3.218.138,302,host,win2k3.ayoblajar.com,BigIP
202.3.218.138,302,host,windows.ayoblajar.com,BigIP
202.3.218.138,302,host,windows01.ayoblajar.com,BigIP
202.3.218.138,302,host,windows02.ayoblajar.com,BigIP
202.3.218.138,302,host,windows1.ayoblajar.com,BigIP
202.3.218.138,302,host,windows2.ayoblajar.com,BigIP
202.3.218.138,302,host,windows2000.ayoblajar.com,BigIP
202.3.218.138,302,host,windows2003.ayoblajar.com,BigIP
202.3.218.138,302,host,windowsxp.ayoblajar.com,BigIP
202.3.218.138,302,host,wingate.ayoblajar.com,BigIP
202.3.218.138,302,host,winnt.ayoblajar.com,BigIP
202.3.218.138,302,host,winproxy.ayoblajar.com,BigIP
202.3.218.138,302,host,wins.ayoblajar.com,BigIP
202.3.218.138,302,host,winserve.ayoblajar.com,BigIP
202.3.218.138,302,host,winxp.ayoblajar.com,BigIP
202.3.218.138,302,host,wire.ayoblajar.com,BigIP
202.3.218.138,302,host,wireless.ayoblajar.com,BigIP
202.3.218.138,302,host,wisconsin.ayoblajar.com,BigIP
202.3.218.138,302,host,wlan.ayoblajar.com,BigIP
202.3.218.138,302,host,wordpress.ayoblajar.com,BigIP
202.3.218.138,302,host,work.ayoblajar.com,BigIP
202.3.218.138,302,host,world.ayoblajar.com,BigIP
202.3.218.138,302,host,write.ayoblajar.com,BigIP
202.3.218.138,302,host,ws.ayoblajar.com,BigIP
202.3.218.138,302,host,ws1.ayoblajar.com,BigIP
202.3.218.138,302,host,ws10.ayoblajar.com,BigIP
202.3.218.138,302,host,ws11.ayoblajar.com,BigIP
202.3.218.138,302,host,ws12.ayoblajar.com,BigIP
202.3.218.138,302,host,ws13.ayoblajar.com,BigIP
202.3.218.138,302,host,ws2.ayoblajar.com,BigIP
202.3.218.138,302,host,ws3.ayoblajar.com,BigIP
202.3.218.138,302,host,ws4.ayoblajar.com,BigIP
202.3.218.138,302,host,ws5.ayoblajar.com,BigIP
202.3.218.138,302,host,ws6.ayoblajar.com,BigIP
202.3.218.138,302,host,ws7.ayoblajar.com,BigIP
202.3.218.138,302,host,ws8.ayoblajar.com,BigIP
202.3.218.138,302,host,ws9.ayoblajar.com,BigIP
202.3.218.138,302,host,wusage.ayoblajar.com,BigIP
202.3.218.138,302,host,wv.ayoblajar.com,BigIP
202.3.218.138,302,host,ww.ayoblajar.com,BigIP
202.3.218.138,302,host,ww1.ayoblajar.com,BigIP
202.3.218.138,302,host,ww42.ayoblajar.com,BigIP
54.169.246.79,301,host,www.ayoblajar.com,nginx/1.13.3
3.0.254.126,301,host,www.ayoblajar.com,nginx/1.13.3
202.3.218.138,302,host,www-01.ayoblajar.com,BigIP
202.3.218.138,302,host,www-02.ayoblajar.com,BigIP
202.3.218.138,302,host,www-1.ayoblajar.com,BigIP
202.3.218.138,302,host,www-2.ayoblajar.com,BigIP
202.3.218.138,302,host,www-int.ayoblajar.com,BigIP
202.3.218.138,302,host,www0.ayoblajar.com,BigIP
202.3.218.138,302,host,www01.ayoblajar.com,BigIP
202.3.218.138,302,host,www02.ayoblajar.com,BigIP
202.3.218.138,302,host,www1.ayoblajar.com,BigIP
202.3.218.138,302,host,www2.ayoblajar.com,BigIP
202.3.218.138,302,host,www3.ayoblajar.com,BigIP
202.3.218.138,302,host,wwwchat.ayoblajar.com,BigIP
202.3.218.138,302,host,wwwdev.ayoblajar.com,BigIP
202.3.218.138,302,host,wwwmail.ayoblajar.com,BigIP
202.3.218.138,302,host,wy.ayoblajar.com,BigIP
202.3.218.138,302,host,wyoming.ayoblajar.com,BigIP
202.3.218.138,302,host,x.ayoblajar.com,BigIP
202.3.218.138,302,host,x-ray.ayoblajar.com,BigIP
202.3.218.138,302,host,xi.ayoblajar.com,BigIP
202.3.218.138,302,host,xlogan.ayoblajar.com,BigIP
202.3.218.138,302,host,xmail.ayoblajar.com,BigIP
202.3.218.138,302,host,xml.ayoblajar.com,BigIP
202.3.218.138,302,host,xp.ayoblajar.com,BigIP
202.3.218.138,302,host,y.ayoblajar.com,BigIP
202.3.218.138,302,host,yankee.ayoblajar.com,BigIP
202.3.218.138,302,host,ye.ayoblajar.com,BigIP
202.3.218.138,302,host,yellow.ayoblajar.com,BigIP
202.3.218.138,302,host,young.ayoblajar.com,BigIP
202.3.218.138,302,host,yt.ayoblajar.com,BigIP
202.3.218.138,302,host,yu.ayoblajar.com,BigIP
202.3.218.138,302,host,z.ayoblajar.com,BigIP
202.3.218.138,302,host,z-log.ayoblajar.com,BigIP
202.3.218.138,302,host,za.ayoblajar.com,BigIP
202.3.218.138,302,host,zebra.ayoblajar.com,BigIP
202.3.218.138,302,host,zera.ayoblajar.com,BigIP
202.3.218.138,302,host,zeus.ayoblajar.com,BigIP
202.3.218.138,302,host,zlog.ayoblajar.com,BigIP
202.3.218.138,302,host,zm.ayoblajar.com,BigIP
202.3.218.138,302,host,zulu.ayoblajar.com,BigIP
202.3.218.138,302,host,zw.ayoblajar.com,BigIP
