199.60.103.28,301,alias,blog.skillacademy.com,cloudflare
199.60.103.28,301,alias,2828691.group41.sites.hubspot.net,cloudflare
199.60.103.28,301,host,group41.sites.hscoscdn40.net,cloudflare
199.60.103.228,301,host,group41.sites.hscoscdn40.net,cloudflare
199.60.103.28,301,alias,enterprise.skillacademy.com,cloudflare
199.60.103.28,301,alias,2828691.group41.sites.hubspot.net,cloudflare
199.60.103.28,301,host,group41.sites.hscoscdn40.net,cloudflare
199.60.103.228,301,host,group41.sites.hscoscdn40.net,cloudflare
199.60.103.28,301,alias,promo.skillacademy.com,cloudflare
199.60.103.28,301,alias,2828691.group41.sites.hubspot.net,cloudflare
199.60.103.28,301,host,group41.sites.hscoscdn40.net,cloudflare
199.60.103.228,301,host,group41.sites.hscoscdn40.net,cloudflare
163.181.36.171,403,alias,video.skillacademy.com,Tengine
163.181.36.171,403,host,video.skillacademy.com.w.kunlunsl.com,Tengine
104.18.24.139,301,host,www.skillacademy.com,cloudflare
104.18.25.139,301,host,www.skillacademy.com,cloudflare
