104.16.65.85,,host,billing.udemy.com,
104.16.66.85,,host,billing.udemy.com,
216.58.220.115,302,alias,calendar.udemy.com,ghs
216.58.220.115,302,host,ghs.google.com,ghs
104.16.66.85,,host,classroom.udemy.com,
104.16.65.85,,host,classroom.udemy.com,
104.16.65.85,,host,clusters.udemy.com,
104.16.66.85,,host,clusters.udemy.com,
104.16.65.85,,host,cm.udemy.com,
104.16.66.85,,host,cm.udemy.com,
104.16.66.85,,host,cms.udemy.com,
104.16.65.85,,host,cms.udemy.com,
104.16.66.85,,host,com.udemy.com,
104.16.65.85,,host,com.udemy.com,
104.16.65.85,,host,commerce.udemy.com,
104.16.66.85,,host,commerce.udemy.com,
104.16.65.85,,host,conference.udemy.com,
104.16.66.85,,host,conference.udemy.com,
199.7.201.32,404,host,email.udemy.com,Apache
104.16.65.85,,host,fj.udemy.com,
104.16.66.85,,host,fj.udemy.com,
104.16.66.85,,host,fm.udemy.com,
104.16.65.85,,host,fm.udemy.com,
104.16.65.85,,host,fo.udemy.com,
104.16.66.85,,host,fo.udemy.com,
104.16.65.85,,host,formacion.udemy.com,
104.16.66.85,,host,formacion.udemy.com,
104.16.65.85,,host,foros.udemy.com,
104.16.66.85,,host,foros.udemy.com,
104.16.65.85,,host,forums.udemy.com,
104.16.66.85,,host,forums.udemy.com,
104.16.65.85,,host,foto.udemy.com,
104.16.66.85,,host,foto.udemy.com,
104.16.65.85,,host,fotos.udemy.com,
104.16.66.85,,host,fotos.udemy.com,
104.16.65.85,,host,foundry.udemy.com,
104.16.66.85,,host,foundry.udemy.com,
104.16.65.85,,host,frank.udemy.com,
104.16.66.85,,host,frank.udemy.com,
104.16.66.85,,host,frontdesk.udemy.com,
104.16.65.85,,host,frontdesk.udemy.com,
104.16.65.85,,host,ftpserver.udemy.com,
104.16.66.85,,host,ftpserver.udemy.com,
104.16.66.85,,host,fwsm.udemy.com,
104.16.65.85,,host,fwsm.udemy.com,
104.16.65.85,,host,galeria.udemy.com,
104.16.66.85,,host,galeria.udemy.com,
104.16.65.85,,host,gmail.udemy.com,
104.16.66.85,,host,gmail.udemy.com,
104.16.66.85,,host,golf.udemy.com,
104.16.65.85,,host,golf.udemy.com,
52.54.183.128,200,alias,helpdesk.udemy.com,
52.54.183.128,200,host,elb7.freshservice.com,
35.153.214.118,200,host,elb7.freshservice.com,
52.72.122.30,200,host,elb7.freshservice.com,
104.17.70.206,301,alias,info.udemy.com,cloudflare
104.17.70.206,301,alias,udemy-ssl.mktoweb.com,cloudflare
104.17.70.206,301,host,sj08.mktossl.com,cloudflare
104.17.72.206,301,host,sj08.mktossl.com,cloudflare
104.17.73.206,301,host,sj08.mktossl.com,cloudflare
104.17.71.206,301,host,sj08.mktossl.com,cloudflare
104.17.74.206,301,host,sj08.mktossl.com,cloudflare
104.16.66.85,,host,kappa.udemy.com,
104.16.65.85,,host,kappa.udemy.com,
