114.29.213.193,302,alias,12.webex.com,WebEx
114.29.213.193,302,alias,nebulaas.webex.com,WebEx
114.29.213.193,302,host,global-nebulaas.webex.com,WebEx
66.114.162.3,302,alias,2.webex.com,
66.114.162.3,302,host,nebulaats1.webex.com,
69.26.183.11,302,alias,7.webex.com,WebEx
69.26.183.11,302,alias,nebulaap.webex.com,WebEx
69.26.183.11,302,host,global-nebulaap.webex.com,WebEx
173.243.0.162,302,alias,a.webex.com,WebEx
173.243.0.162,302,alias,nebular.webex.com,WebEx
173.243.0.162,302,host,global-nebular.webex.com,WebEx
62.109.230.112,302,alias,a1.webex.com,WebEx
62.109.230.112,302,alias,nebulaw.webex.com,WebEx
62.109.230.112,302,host,global-nebulaw.webex.com,WebEx
209.197.193.97,302,alias,a2.webex.com,WebEx
209.197.193.97,302,alias,nebulas.webex.com,WebEx
209.197.193.97,302,host,global-nebulas.webex.com,WebEx
66.114.162.3,302,alias,abc.webex.com,
66.114.162.3,302,host,nebulaats1.webex.com,
62.109.230.112,302,alias,ac.webex.com,WebEx
62.109.230.112,302,alias,nebulaw.webex.com,WebEx
62.109.230.112,302,host,global-nebulaw.webex.com,WebEx
66.114.168.199,302,alias,access.webex.com,WebEx
66.114.168.199,302,alias,nebulaie.webex.com,WebEx
66.114.168.199,302,host,global-nebulaie.webex.com,WebEx
209.197.193.97,302,alias,ad.webex.com,WebEx
209.197.193.97,302,alias,nebulas.webex.com,WebEx
209.197.193.97,302,host,global-nebulas.webex.com,WebEx
209.197.193.90,302,alias,adam.webex.com,WebEx
209.197.193.90,302,alias,nebulab.webex.com,WebEx
209.197.193.90,302,host,global-nebulab.webex.com,WebEx
13.59.249.191,301,alias,admin.webex.com,awselb/2.0
13.59.249.191,301,host,admin-webex-com-690861900.us-east-2.elb.amazonaws.com,awselb/2.0
18.216.78.12,301,host,admin-webex-com-690861900.us-east-2.elb.amazonaws.com,awselb/2.0
18.217.0.88,301,host,admin-webex-com-690861900.us-east-2.elb.amazonaws.com,awselb/2.0
64.68.120.16,302,alias,ae.webex.com,WebEx
64.68.120.16,302,alias,nebulaaa9.webex.com,WebEx
64.68.120.16,302,host,global-nebulaaa9.webex.com,WebEx
114.29.213.193,302,alias,af.webex.com,WebEx
114.29.213.193,302,alias,nebulaas.webex.com,WebEx
114.29.213.193,302,host,global-nebulaas.webex.com,WebEx
209.197.193.90,302,alias,ag.webex.com,WebEx
209.197.193.90,302,alias,nebulab.webex.com,WebEx
209.197.193.90,302,host,global-nebulab.webex.com,WebEx
62.109.230.11,302,alias,ai.webex.com,WebEx
62.109.230.11,302,alias,nebulaai.webex.com,WebEx
62.109.230.11,302,host,global-nebulaai.webex.com,WebEx
114.29.213.193,302,alias,ajax.webex.com,WebEx
114.29.213.193,302,alias,nebulaas.webex.com,WebEx
114.29.213.193,302,host,global-nebulaas.webex.com,WebEx
62.109.230.112,302,alias,ak.webex.com,WebEx
62.109.230.112,302,alias,nebulaw.webex.com,WebEx
62.109.230.112,302,host,global-nebulaw.webex.com,WebEx
66.114.168.199,302,alias,akamai.webex.com,WebEx
66.114.168.199,302,alias,nebulaie.webex.com,WebEx
66.114.168.199,302,host,global-nebulaie.webex.com,WebEx
209.197.193.90,302,alias,al.webex.com,WebEx
209.197.193.90,302,alias,nebulab.webex.com,WebEx
209.197.193.90,302,host,global-nebulab.webex.com,WebEx
66.114.162.3,302,alias,alpha.webex.com,
66.114.162.3,302,host,nebulaats1.webex.com,
114.29.213.193,302,alias,am.webex.com,WebEx
114.29.213.193,302,alias,nebulaas.webex.com,WebEx
114.29.213.193,302,host,global-nebulaas.webex.com,WebEx
114.29.213.193,302,alias,an.webex.com,WebEx
114.29.213.193,302,alias,nebulaas.webex.com,WebEx
114.29.213.193,302,host,global-nebulaas.webex.com,WebEx
173.243.0.162,302,alias,announce.webex.com,WebEx
173.243.0.162,302,alias,nebular.webex.com,WebEx
173.243.0.162,302,host,global-nebular.webex.com,WebEx
66.114.168.199,302,alias,ap.webex.com,WebEx
66.114.168.199,302,alias,nebulaie.webex.com,WebEx
66.114.168.199,302,host,global-nebulaie.webex.com,WebEx
114.29.213.219,301,alias,api.webex.com,nginx
114.29.213.219,301,host,global-api.webex.com,nginx
114.29.213.193,302,alias,apple.webex.com,WebEx
114.29.213.193,302,alias,nebulaas.webex.com,WebEx
114.29.213.193,302,host,global-nebulaas.webex.com,WebEx
173.243.0.162,302,alias,apps.webex.com,WebEx
173.243.0.162,302,alias,nebular.webex.com,WebEx
173.243.0.162,302,host,global-nebular.webex.com,WebEx
209.197.193.97,302,alias,aq.webex.com,WebEx
209.197.193.97,302,alias,nebulas.webex.com,WebEx
209.197.193.97,302,host,global-nebulas.webex.com,WebEx
64.68.105.105,302,alias,ar.webex.com,WebEx
64.68.105.105,302,alias,nebulaab9.webex.com,WebEx
64.68.105.105,302,host,global-nebulaab9.webex.com,WebEx
62.109.230.11,302,alias,arizona.webex.com,WebEx
62.109.230.11,302,alias,nebulaai.webex.com,WebEx
62.109.230.11,302,host,global-nebulaai.webex.com,WebEx
66.114.168.201,302,alias,as.webex.com,WebEx
66.114.168.201,302,alias,nebulau.webex.com,WebEx
66.114.168.201,302,host,global-nebulau.webex.com,WebEx
209.197.193.97,302,alias,asia.webex.com,WebEx
209.197.193.97,302,alias,nebulas.webex.com,WebEx
209.197.193.97,302,host,global-nebulas.webex.com,WebEx
66.114.168.199,302,alias,at.webex.com,WebEx
66.114.168.199,302,alias,nebulaie.webex.com,WebEx
66.114.168.199,302,host,global-nebulaie.webex.com,WebEx
173.243.0.154,302,alias,athena.webex.com,WebEx
173.243.0.154,302,alias,nebulam.webex.com,WebEx
173.243.0.154,302,host,global-nebulam.webex.com,WebEx
64.68.121.175,302,alias,atlanta.webex.com,WebEx
64.68.121.175,302,alias,nebulaaw.webex.com,WebEx
64.68.121.175,302,host,global-nebulaaw.webex.com,WebEx
173.243.0.162,302,alias,atlas.webex.com,WebEx
173.243.0.162,302,alias,nebular.webex.com,WebEx
173.243.0.162,302,host,global-nebular.webex.com,WebEx
62.109.230.112,302,alias,au.webex.com,WebEx
62.109.230.112,302,alias,nebulaw.webex.com,WebEx
62.109.230.112,302,host,global-nebulaw.webex.com,WebEx
3.216.250.109,301,host,auth.webex.com,nginx/1.18.0 (Ubuntu)
66.114.168.203,302,alias,av.webex.com,WebEx
66.114.168.203,302,alias,nebulaij.webex.com,WebEx
66.114.168.203,302,host,global-nebulaij.webex.com,WebEx
64.68.105.105,302,alias,aw.webex.com,WebEx
64.68.105.105,302,alias,nebulaab9.webex.com,WebEx
64.68.105.105,302,host,global-nebulaab9.webex.com,WebEx
62.109.230.11,302,alias,az.webex.com,WebEx
62.109.230.11,302,alias,nebulaai.webex.com,WebEx
62.109.230.11,302,host,global-nebulaai.webex.com,WebEx
62.109.230.112,302,alias,ba.webex.com,WebEx
62.109.230.112,302,alias,nebulaw.webex.com,WebEx
62.109.230.112,302,host,global-nebulaw.webex.com,WebEx
62.109.230.112,302,alias,backup.webex.com,WebEx
62.109.230.112,302,alias,nebulaw.webex.com,WebEx
62.109.230.112,302,host,global-nebulaw.webex.com,WebEx
114.29.213.193,302,alias,banking.webex.com,WebEx
114.29.213.193,302,alias,nebulaas.webex.com,WebEx
114.29.213.193,302,host,global-nebulaas.webex.com,WebEx
64.68.120.16,302,alias,bayarea.webex.com,WebEx
64.68.120.16,302,alias,nebulaaa9.webex.com,WebEx
64.68.120.16,302,host,global-nebulaaa9.webex.com,WebEx
66.114.168.203,302,alias,bb.webex.com,WebEx
66.114.168.203,302,alias,nebulaij.webex.com,WebEx
66.114.168.203,302,host,global-nebulaij.webex.com,WebEx
209.197.193.97,302,alias,bbs.webex.com,WebEx
209.197.193.97,302,alias,nebulas.webex.com,WebEx
209.197.193.97,302,host,global-nebulas.webex.com,WebEx
114.29.213.193,302,alias,bd.webex.com,WebEx
114.29.213.193,302,alias,nebulaas.webex.com,WebEx
114.29.213.193,302,host,global-nebulaas.webex.com,WebEx
209.197.193.90,302,alias,bdc.webex.com,WebEx
209.197.193.90,302,alias,nebulab.webex.com,WebEx
209.197.193.90,302,host,global-nebulab.webex.com,WebEx
114.29.213.193,302,alias,bea.webex.com,WebEx
114.29.213.193,302,alias,nebulaas.webex.com,WebEx
114.29.213.193,302,host,global-nebulaas.webex.com,WebEx
13.225.5.16,301,alias,beta.webex.com,CloudFront
13.225.5.16,301,host,dhbmzcec64c6d.cloudfront.net,CloudFront
13.225.5.65,301,host,dhbmzcec64c6d.cloudfront.net,CloudFront
13.225.5.58,301,host,dhbmzcec64c6d.cloudfront.net,CloudFront
13.225.5.106,301,host,dhbmzcec64c6d.cloudfront.net,CloudFront
173.243.0.150,302,alias,bf.webex.com,WebEx
173.243.0.150,302,alias,nebulaj.webex.com,WebEx
173.243.0.150,302,host,global-nebulaj.webex.com,WebEx
173.243.0.154,302,alias,bg.webex.com,WebEx
173.243.0.154,302,alias,nebulam.webex.com,WebEx
173.243.0.154,302,host,global-nebulam.webex.com,WebEx
114.29.213.193,302,alias,bh.webex.com,WebEx
114.29.213.193,302,alias,nebulaas.webex.com,WebEx
114.29.213.193,302,host,global-nebulaas.webex.com,WebEx
62.109.230.112,302,alias,bi.webex.com,WebEx
62.109.230.112,302,alias,nebulaw.webex.com,WebEx
62.109.230.112,302,host,global-nebulaw.webex.com,WebEx
114.29.213.193,302,alias,biz.webex.com,WebEx
114.29.213.193,302,alias,nebulaas.webex.com,WebEx
114.29.213.193,302,host,global-nebulaas.webex.com,WebEx
209.197.193.90,302,alias,biztalk.webex.com,WebEx
209.197.193.90,302,alias,nebulab.webex.com,WebEx
209.197.193.90,302,host,global-nebulab.webex.com,WebEx
64.68.120.16,302,alias,blackberry.webex.com,WebEx
64.68.120.16,302,alias,nebulaaa9.webex.com,WebEx
64.68.120.16,302,host,global-nebulaaa9.webex.com,WebEx
35.190.61.183,301,alias,blog.webex.com,nginx
35.190.61.183,301,host,blog-origin.webex.com,nginx
35.190.61.183,301,alias,blogs.webex.com,nginx
35.190.61.183,301,alias,blog.webex.com,nginx
35.190.61.183,301,host,blog-origin.webex.com,nginx
173.243.0.152,302,alias,bn.webex.com,WebEx
173.243.0.152,302,alias,nebulal.webex.com,WebEx
173.243.0.152,302,host,global-nebulal.webex.com,WebEx
62.109.230.112,302,alias,bnc.webex.com,WebEx
62.109.230.112,302,alias,nebulaw.webex.com,WebEx
62.109.230.112,302,host,global-nebulaw.webex.com,WebEx
62.109.230.112,302,alias,boston.webex.com,WebEx
62.109.230.112,302,alias,nebulaw.webex.com,WebEx
62.109.230.112,302,host,global-nebulaw.webex.com,WebEx
114.29.213.193,302,alias,br.webex.com,WebEx
114.29.213.193,302,alias,nebulaas.webex.com,WebEx
114.29.213.193,302,host,global-nebulaas.webex.com,WebEx
66.114.168.203,302,alias,bravo.webex.com,WebEx
66.114.168.203,302,alias,nebulaij.webex.com,WebEx
66.114.168.203,302,host,global-nebulaij.webex.com,WebEx
66.114.168.203,302,alias,brown.webex.com,WebEx
66.114.168.203,302,alias,nebulaij.webex.com,WebEx
66.114.168.203,302,host,global-nebulaij.webex.com,WebEx
62.109.230.11,302,alias,bs.webex.com,WebEx
62.109.230.11,302,alias,nebulaai.webex.com,WebEx
62.109.230.11,302,host,global-nebulaai.webex.com,WebEx
62.109.230.112,302,alias,bt.webex.com,WebEx
62.109.230.112,302,alias,nebulaw.webex.com,WebEx
62.109.230.112,302,host,global-nebulaw.webex.com,WebEx
64.68.105.105,302,alias,bugs.webex.com,WebEx
64.68.105.105,302,alias,nebulaab9.webex.com,WebEx
64.68.105.105,302,host,global-nebulaab9.webex.com,WebEx
13.59.223.206,301,alias,build.webex.com,nginx
13.59.223.206,301,host,squared-static.wbx2.com,nginx
13.59.223.204,301,host,squared-static.wbx2.com,nginx
13.59.223.205,301,host,squared-static.wbx2.com,nginx
13.59.223.207,301,host,squared-static.wbx2.com,nginx
45.60.35.126,301,alias,buy.webex.com,Apache
45.60.35.126,301,alias,buy.webex.com.wip.digitalrivercontent.net,Apache
45.60.35.126,301,host,h8r4g9b.x.incapdns.net,Apache
173.243.0.154,302,alias,bv.webex.com,WebEx
173.243.0.154,302,alias,nebulam.webex.com,WebEx
173.243.0.154,302,host,global-nebulam.webex.com,WebEx
66.114.168.199,302,alias,c.webex.com,WebEx
66.114.168.199,302,alias,nebulaie.webex.com,WebEx
66.114.168.199,302,host,global-nebulaie.webex.com,WebEx
209.197.193.97,302,alias,ca.webex.com,WebEx
209.197.193.97,302,alias,nebulas.webex.com,WebEx
209.197.193.97,302,host,global-nebulas.webex.com,WebEx
173.243.0.162,302,alias,calvin.webex.com,WebEx
173.243.0.162,302,alias,nebular.webex.com,WebEx
173.243.0.162,302,host,global-nebular.webex.com,WebEx
173.243.0.150,302,alias,canada.webex.com,WebEx
173.243.0.150,302,alias,nebulaj.webex.com,WebEx
173.243.0.150,302,host,global-nebulaj.webex.com,WebEx
114.29.213.193,302,alias,canon.webex.com,WebEx
114.29.213.193,302,alias,nebulaas.webex.com,WebEx
114.29.213.193,302,host,global-nebulaas.webex.com,WebEx
209.197.193.90,302,alias,careers.webex.com,WebEx
209.197.193.90,302,alias,nebulab.webex.com,WebEx
209.197.193.90,302,host,global-nebulab.webex.com,WebEx
64.68.120.16,302,alias,cc.webex.com,WebEx
64.68.120.16,302,alias,nebulaaa9.webex.com,WebEx
64.68.120.16,302,host,global-nebulaaa9.webex.com,WebEx
114.29.213.193,302,alias,cdn.webex.com,WebEx
114.29.213.193,302,alias,nebulaas.webex.com,WebEx
114.29.213.193,302,host,global-nebulaas.webex.com,WebEx
209.197.193.97,302,alias,cf.webex.com,WebEx
209.197.193.97,302,alias,nebulas.webex.com,WebEx
209.197.193.97,302,host,global-nebulas.webex.com,WebEx
114.29.213.193,302,alias,cg.webex.com,WebEx
114.29.213.193,302,alias,nebulaas.webex.com,WebEx
114.29.213.193,302,host,global-nebulaas.webex.com,WebEx
173.243.0.162,302,alias,cgi.webex.com,WebEx
173.243.0.162,302,alias,nebular.webex.com,WebEx
173.243.0.162,302,host,global-nebular.webex.com,WebEx
62.109.230.112,302,alias,ch.webex.com,WebEx
62.109.230.112,302,alias,nebulaw.webex.com,WebEx
62.109.230.112,302,host,global-nebulaw.webex.com,WebEx
62.109.230.11,302,alias,channels.webex.com,WebEx
62.109.230.11,302,alias,nebulaai.webex.com,WebEx
62.109.230.11,302,host,global-nebulaai.webex.com,WebEx
64.68.120.16,302,alias,charlotte.webex.com,WebEx
64.68.120.16,302,alias,nebulaaa9.webex.com,WebEx
64.68.120.16,302,host,global-nebulaaa9.webex.com,WebEx
114.29.213.193,302,alias,check.webex.com,WebEx
114.29.213.193,302,alias,nebulaas.webex.com,WebEx
114.29.213.193,302,host,global-nebulaas.webex.com,WebEx
62.109.230.119,302,alias,chi.webex.com,WebEx
62.109.230.119,302,alias,nebulai.webex.com,WebEx
62.109.230.119,302,host,global-nebulai.webex.com,WebEx
62.109.230.11,302,alias,ci.webex.com,WebEx
62.109.230.11,302,alias,nebulaai.webex.com,WebEx
62.109.230.11,302,host,global-nebulaai.webex.com,WebEx
209.197.193.90,302,alias,cims.webex.com,WebEx
209.197.193.90,302,alias,nebulab.webex.com,WebEx
209.197.193.90,302,host,global-nebulab.webex.com,WebEx
66.114.168.212,302,alias,cisco.webex.com,WebEx
66.114.168.212,302,alias,nebulaac.webex.com,WebEx
66.114.168.212,302,host,global-nebulaac.webex.com,WebEx
66.114.168.203,302,alias,citrix.webex.com,WebEx
66.114.168.203,302,alias,nebulaij.webex.com,WebEx
66.114.168.203,302,host,global-nebulaij.webex.com,WebEx
209.197.193.97,302,alias,classroom.webex.com,WebEx
209.197.193.97,302,alias,nebulas.webex.com,WebEx
209.197.193.97,302,host,global-nebulas.webex.com,WebEx
66.163.42.55,302,alias,cloud.webex.com,WebEx
66.163.42.55,302,alias,nebulabts1.webex.com,WebEx
66.163.42.55,302,host,global-nebulabt8.webex.com,WebEx
62.109.230.112,302,alias,cluster.webex.com,WebEx
62.109.230.112,302,alias,nebulaw.webex.com,WebEx
62.109.230.112,302,host,global-nebulaw.webex.com,WebEx
209.197.193.97,302,alias,cm.webex.com,WebEx
209.197.193.97,302,alias,nebulas.webex.com,WebEx
209.197.193.97,302,host,global-nebulas.webex.com,WebEx
66.114.168.199,302,alias,cms.webex.com,WebEx
66.114.168.199,302,alias,nebulaie.webex.com,WebEx
66.114.168.199,302,host,global-nebulaie.webex.com,WebEx
64.68.120.16,302,alias,cn.webex.com,WebEx
64.68.120.16,302,alias,nebulaaa9.webex.com,WebEx
64.68.120.16,302,host,global-nebulaaa9.webex.com,WebEx
62.109.230.11,302,alias,columbus.webex.com,WebEx
62.109.230.11,302,alias,nebulaai.webex.com,WebEx
62.109.230.11,302,host,global-nebulaai.webex.com,WebEx
13.59.223.206,301,alias,commerce.webex.com,nginx
13.59.223.206,301,host,squared-static.wbx2.com,nginx
13.59.223.204,301,host,squared-static.wbx2.com,nginx
13.59.223.205,301,host,squared-static.wbx2.com,nginx
13.59.223.207,301,host,squared-static.wbx2.com,nginx
173.243.5.19,,alias,community.webex.com,
173.243.5.19,,alias,wwwintlvm.webex.com,
173.243.5.19,,host,global-wwwintlvm.webex.com,
173.243.0.152,302,alias,conf.webex.com,WebEx
173.243.0.152,302,alias,nebulal.webex.com,WebEx
173.243.0.152,302,host,global-nebulal.webex.com,WebEx
64.68.105.105,302,alias,conference.webex.com,WebEx
64.68.105.105,302,alias,nebulaab9.webex.com,WebEx
64.68.105.105,302,host,global-nebulaab9.webex.com,WebEx
114.29.213.193,302,alias,conferencing.webex.com,WebEx
114.29.213.193,302,alias,nebulaas.webex.com,WebEx
114.29.213.193,302,host,global-nebulaas.webex.com,WebEx
62.109.230.112,302,alias,connect.webex.com,WebEx
62.109.230.112,302,alias,nebulaw.webex.com,WebEx
62.109.230.112,302,host,global-nebulaw.webex.com,WebEx
114.29.213.193,302,alias,consultant.webex.com,WebEx
114.29.213.193,302,alias,nebulaas.webex.com,WebEx
114.29.213.193,302,host,global-nebulaas.webex.com,WebEx
64.68.105.105,302,alias,courses.webex.com,WebEx
64.68.105.105,302,alias,nebulaab9.webex.com,WebEx
64.68.105.105,302,host,global-nebulaab9.webex.com,WebEx
62.109.230.119,302,alias,cr.webex.com,WebEx
62.109.230.119,302,alias,nebulai.webex.com,WebEx
62.109.230.119,302,host,global-nebulai.webex.com,WebEx
209.197.193.97,302,alias,crs.webex.com,WebEx
209.197.193.97,302,alias,nebulas.webex.com,WebEx
209.197.193.97,302,host,global-nebulas.webex.com,WebEx
64.68.120.16,302,alias,cs.webex.com,WebEx
64.68.120.16,302,alias,nebulaaa9.webex.com,WebEx
64.68.120.16,302,host,global-nebulaaa9.webex.com,WebEx
173.243.0.150,302,alias,css.webex.com,WebEx
173.243.0.150,302,alias,nebulaj.webex.com,WebEx
173.243.0.150,302,host,global-nebulaj.webex.com,WebEx
64.68.105.105,302,alias,ct.webex.com,WebEx
64.68.105.105,302,alias,nebulaab9.webex.com,WebEx
64.68.105.105,302,host,global-nebulaab9.webex.com,WebEx
209.197.193.97,302,alias,customer.webex.com,WebEx
209.197.193.97,302,alias,nebulas.webex.com,WebEx
209.197.193.97,302,host,global-nebulas.webex.com,WebEx
69.26.183.11,302,alias,cv.webex.com,WebEx
69.26.183.11,302,alias,nebulaap.webex.com,WebEx
69.26.183.11,302,host,global-nebulaap.webex.com,WebEx
173.243.0.154,302,alias,cvs.webex.com,WebEx
173.243.0.154,302,alias,nebulam.webex.com,WebEx
173.243.0.154,302,host,global-nebulam.webex.com,WebEx
173.243.0.150,302,alias,cx.webex.com,WebEx
173.243.0.150,302,alias,nebulaj.webex.com,WebEx
173.243.0.150,302,host,global-nebulaj.webex.com,WebEx
66.114.168.203,302,alias,d.webex.com,WebEx
66.114.168.203,302,alias,nebulaij.webex.com,WebEx
66.114.168.203,302,host,global-nebulaij.webex.com,WebEx
62.109.230.11,302,alias,datastore.webex.com,WebEx
62.109.230.11,302,alias,nebulaai.webex.com,WebEx
62.109.230.11,302,host,global-nebulaai.webex.com,WebEx
173.243.0.150,302,alias,db.webex.com,WebEx
173.243.0.150,302,alias,nebulaj.webex.com,WebEx
173.243.0.150,302,host,global-nebulaj.webex.com,WebEx
62.109.230.112,302,alias,dc.webex.com,WebEx
62.109.230.112,302,alias,nebulaw.webex.com,WebEx
62.109.230.112,302,host,global-nebulaw.webex.com,WebEx
209.197.193.97,302,alias,dell.webex.com,WebEx
209.197.193.97,302,alias,nebulas.webex.com,WebEx
209.197.193.97,302,host,global-nebulas.webex.com,WebEx
64.68.120.16,302,alias,delta.webex.com,WebEx
64.68.120.16,302,alias,nebulaaa9.webex.com,WebEx
64.68.120.16,302,host,global-nebulaaa9.webex.com,WebEx
209.197.193.97,302,alias,demo.webex.com,WebEx
209.197.193.97,302,alias,nebulas.webex.com,WebEx
209.197.193.97,302,host,global-nebulas.webex.com,WebEx
114.29.213.193,302,alias,demos.webex.com,WebEx
114.29.213.193,302,alias,nebulaas.webex.com,WebEx
114.29.213.193,302,host,global-nebulaas.webex.com,WebEx
13.59.223.205,301,alias,depot.webex.com,nginx
13.59.223.205,301,alias,depot.ciscospark.com,nginx
13.59.223.205,301,host,squared-static.wbx2.com,nginx
13.59.223.207,301,host,squared-static.wbx2.com,nginx
13.59.223.206,301,host,squared-static.wbx2.com,nginx
13.59.223.204,301,host,squared-static.wbx2.com,nginx
66.163.47.21,302,alias,des.webex.com,WebEx
66.163.47.21,302,alias,nebulaao.webex.com,WebEx
66.163.47.21,302,host,global-nebulaao.webex.com,WebEx
62.109.230.11,302,alias,desarrollo.webex.com,WebEx
62.109.230.11,302,alias,nebulaai.webex.com,WebEx
62.109.230.11,302,host,global-nebulaai.webex.com,WebEx
209.197.193.90,302,alias,design.webex.com,WebEx
209.197.193.90,302,alias,nebulab.webex.com,WebEx
209.197.193.90,302,host,global-nebulab.webex.com,WebEx
114.29.213.193,302,alias,dev.webex.com,WebEx
114.29.213.193,302,alias,nebulaas.webex.com,WebEx
114.29.213.193,302,host,global-nebulaas.webex.com,WebEx
13.59.223.205,301,alias,develop.webex.com,nginx
13.59.223.205,301,host,squared-static.wbx2.com,nginx
13.59.223.207,301,host,squared-static.wbx2.com,nginx
13.59.223.206,301,host,squared-static.wbx2.com,nginx
13.59.223.204,301,host,squared-static.wbx2.com,nginx
52.28.38.2,301,alias,developer.webex.com,awselb/2.0
52.28.38.2,301,alias,developer-a.wbx2.com,awselb/2.0
52.28.38.2,301,host,afra-developer.wbx2.com,awselb/2.0
35.156.229.88,301,host,afra-developer.wbx2.com,awselb/2.0
52.58.187.142,301,host,afra-developer.wbx2.com,awselb/2.0
13.59.223.205,302,alias,developers.webex.com,nginx
13.59.223.205,302,host,squared-static.wbx2.com,nginx
13.59.223.207,302,host,squared-static.wbx2.com,nginx
13.59.223.206,302,host,squared-static.wbx2.com,nginx
13.59.223.204,302,host,squared-static.wbx2.com,nginx
62.109.230.11,302,alias,development.webex.com,WebEx
62.109.230.11,302,alias,nebulaai.webex.com,WebEx
62.109.230.11,302,host,global-nebulaai.webex.com,WebEx
114.29.213.193,302,alias,device.webex.com,WebEx
114.29.213.193,302,alias,nebulaas.webex.com,WebEx
114.29.213.193,302,host,global-nebulaas.webex.com,WebEx
62.109.230.11,302,alias,digital.webex.com,WebEx
62.109.230.11,302,alias,nebulaai.webex.com,WebEx
62.109.230.11,302,host,global-nebulaai.webex.com,WebEx
209.197.193.97,302,alias,dir.webex.com,WebEx
209.197.193.97,302,alias,nebulas.webex.com,WebEx
209.197.193.97,302,host,global-nebulas.webex.com,WebEx
64.68.120.16,302,alias,direct.webex.com,WebEx
64.68.120.16,302,alias,nebulaaa9.webex.com,WebEx
64.68.120.16,302,host,global-nebulaaa9.webex.com,WebEx
207.182.161.16,302,alias,discuss.webex.com,
207.182.161.16,302,alias,nebulaf.webex.com,
207.182.161.16,302,host,global-nebulaf.webex.com,
64.68.105.105,302,alias,discussion.webex.com,WebEx
64.68.105.105,302,alias,nebulaab9.webex.com,WebEx
64.68.105.105,302,host,global-nebulaab9.webex.com,WebEx
173.243.0.150,302,alias,disney.webex.com,WebEx
173.243.0.150,302,alias,nebulaj.webex.com,WebEx
173.243.0.150,302,host,global-nebulaj.webex.com,WebEx
209.197.193.97,302,alias,dk.webex.com,WebEx
209.197.193.97,302,alias,nebulas.webex.com,WebEx
209.197.193.97,302,host,global-nebulas.webex.com,WebEx
62.109.230.112,302,alias,dm.webex.com,WebEx
62.109.230.112,302,alias,nebulaw.webex.com,WebEx
62.109.230.112,302,host,global-nebulaw.webex.com,WebEx
64.68.120.16,302,alias,dns.webex.com,WebEx
64.68.120.16,302,alias,nebulaaa9.webex.com,WebEx
64.68.120.16,302,host,global-nebulaaa9.webex.com,WebEx
69.26.183.11,302,alias,do.webex.com,WebEx
69.26.183.11,302,alias,nebulaap.webex.com,WebEx
69.26.183.11,302,host,global-nebulaap.webex.com,WebEx
66.163.36.169,200,alias,download.webex.com,WebEx
66.163.36.169,200,host,global-download.webex.com,WebEx
62.109.230.11,302,alias,dsl.webex.com,WebEx
62.109.230.11,302,alias,nebulaai.webex.com,WebEx
62.109.230.11,302,host,global-nebulaai.webex.com,WebEx
173.243.0.150,302,alias,dynamic.webex.com,WebEx
173.243.0.150,302,alias,nebulaj.webex.com,WebEx
173.243.0.150,302,host,global-nebulaj.webex.com,WebEx
62.109.230.11,302,alias,dz.webex.com,WebEx
62.109.230.11,302,alias,nebulaai.webex.com,WebEx
62.109.230.11,302,host,global-nebulaai.webex.com,WebEx
66.114.162.3,302,alias,e.webex.com,
66.114.162.3,302,host,nebulaats1.webex.com,
66.114.168.203,302,alias,ec.webex.com,WebEx
66.114.168.203,302,alias,nebulaij.webex.com,WebEx
66.114.168.203,302,host,global-nebulaij.webex.com,WebEx
62.109.230.112,302,alias,ecom.webex.com,WebEx
62.109.230.112,302,alias,nebulaw.webex.com,WebEx
62.109.230.112,302,host,global-nebulaw.webex.com,WebEx
62.109.230.112,302,alias,edi.webex.com,WebEx
62.109.230.112,302,alias,nebulaw.webex.com,WebEx
62.109.230.112,302,host,global-nebulaw.webex.com,WebEx
114.29.213.193,302,alias,edu.webex.com,WebEx
114.29.213.193,302,alias,nebulaas.webex.com,WebEx
114.29.213.193,302,host,global-nebulaas.webex.com,WebEx
64.68.105.105,302,alias,education.webex.com,WebEx
64.68.105.105,302,alias,nebulaab9.webex.com,WebEx
64.68.105.105,302,host,global-nebulaab9.webex.com,WebEx
114.29.213.193,302,alias,edward.webex.com,WebEx
114.29.213.193,302,alias,nebulaas.webex.com,WebEx
114.29.213.193,302,host,global-nebulaas.webex.com,WebEx
62.109.230.11,302,alias,eh.webex.com,WebEx
62.109.230.11,302,alias,nebulaai.webex.com,WebEx
62.109.230.11,302,host,global-nebulaai.webex.com,WebEx
62.109.230.112,302,alias,empresa.webex.com,WebEx
62.109.230.112,302,alias,nebulaw.webex.com,WebEx
62.109.230.112,302,host,global-nebulaw.webex.com,WebEx
62.109.230.11,302,alias,enterprise.webex.com,WebEx
62.109.230.11,302,alias,nebulaai.webex.com,WebEx
62.109.230.11,302,host,global-nebulaai.webex.com,WebEx
114.29.213.193,302,alias,epsilon.webex.com,WebEx
114.29.213.193,302,alias,nebulaas.webex.com,WebEx
114.29.213.193,302,host,global-nebulaas.webex.com,WebEx
62.109.230.112,302,alias,es.webex.com,WebEx
62.109.230.112,302,alias,nebulaw.webex.com,WebEx
62.109.230.112,302,host,global-nebulaw.webex.com,WebEx
66.114.168.203,302,alias,esd.webex.com,WebEx
66.114.168.203,302,alias,nebulaij.webex.com,WebEx
66.114.168.203,302,host,global-nebulaij.webex.com,WebEx
62.109.230.11,302,alias,esm.webex.com,WebEx
62.109.230.11,302,alias,nebulaai.webex.com,WebEx
62.109.230.11,302,host,global-nebulaai.webex.com,WebEx
114.29.213.193,302,alias,et.webex.com,WebEx
114.29.213.193,302,alias,nebulaas.webex.com,WebEx
114.29.213.193,302,host,global-nebulaas.webex.com,WebEx
66.114.168.199,302,alias,eta.webex.com,WebEx
66.114.168.199,302,alias,nebulaie.webex.com,WebEx
66.114.168.199,302,host,global-nebulaie.webex.com,WebEx
114.29.213.193,302,alias,events.webex.com,WebEx
114.29.213.193,302,alias,nebulaas.webex.com,WebEx
114.29.213.193,302,host,global-nebulaas.webex.com,WebEx
114.29.213.193,302,alias,external.webex.com,WebEx
114.29.213.193,302,alias,nebulaas.webex.com,WebEx
114.29.213.193,302,host,global-nebulaas.webex.com,WebEx
173.243.0.162,302,alias,f5.webex.com,WebEx
173.243.0.162,302,alias,nebular.webex.com,WebEx
173.243.0.162,302,host,global-nebular.webex.com,WebEx
114.29.213.193,302,alias,feedback.webex.com,WebEx
114.29.213.193,302,alias,nebulaas.webex.com,WebEx
114.29.213.193,302,host,global-nebulaas.webex.com,WebEx
64.68.122.248,,host,file.webex.com,
64.68.122.248,,alias,files.webex.com,
64.68.122.248,,host,file.webex.com,
114.29.213.193,302,alias,fl.webex.com,WebEx
114.29.213.193,302,alias,nebulaas.webex.com,WebEx
114.29.213.193,302,host,global-nebulaas.webex.com,WebEx
66.114.168.203,302,alias,flow.webex.com,WebEx
66.114.168.203,302,alias,nebulaij.webex.com,WebEx
66.114.168.203,302,host,global-nebulaij.webex.com,WebEx
62.109.230.112,302,alias,fm.webex.com,WebEx
62.109.230.112,302,alias,nebulaw.webex.com,WebEx
62.109.230.112,302,host,global-nebulaw.webex.com,WebEx
62.109.230.112,302,alias,frontdesk.webex.com,WebEx
62.109.230.112,302,alias,nebulaw.webex.com,WebEx
62.109.230.112,302,host,global-nebulaw.webex.com,WebEx
62.109.230.11,302,alias,fs.webex.com,WebEx
62.109.230.11,302,alias,nebulaai.webex.com,WebEx
62.109.230.11,302,host,global-nebulaai.webex.com,WebEx
64.68.125.222,,alias,ftp2.webex.com,
64.68.125.222,,host,reportserv3.webex.com,
173.243.0.162,302,alias,galeria.webex.com,WebEx
173.243.0.162,302,alias,nebular.webex.com,WebEx
173.243.0.162,302,host,global-nebular.webex.com,WebEx
62.109.230.11,302,alias,gamma.webex.com,WebEx
62.109.230.11,302,alias,nebulaai.webex.com,WebEx
62.109.230.11,302,host,global-nebulaai.webex.com,WebEx
66.114.168.203,302,alias,gateway.webex.com,WebEx
66.114.168.203,302,alias,nebulaij.webex.com,WebEx
66.114.168.203,302,host,global-nebulaij.webex.com,WebEx
62.109.230.11,302,alias,gauss.webex.com,WebEx
62.109.230.11,302,alias,nebulaai.webex.com,WebEx
62.109.230.11,302,host,global-nebulaai.webex.com,WebEx
173.243.0.150,302,alias,gd.webex.com,WebEx
173.243.0.150,302,alias,nebulaj.webex.com,WebEx
173.243.0.150,302,host,global-nebulaj.webex.com,WebEx
114.29.213.193,302,alias,ge.webex.com,WebEx
114.29.213.193,302,alias,nebulaas.webex.com,WebEx
114.29.213.193,302,host,global-nebulaas.webex.com,WebEx
114.29.213.193,302,alias,gemini.webex.com,WebEx
114.29.213.193,302,alias,nebulaas.webex.com,WebEx
114.29.213.193,302,host,global-nebulaas.webex.com,WebEx
114.29.213.193,302,alias,general.webex.com,WebEx
114.29.213.193,302,alias,nebulaas.webex.com,WebEx
114.29.213.193,302,host,global-nebulaas.webex.com,WebEx
173.243.0.150,302,alias,georgia.webex.com,WebEx
173.243.0.150,302,alias,nebulaj.webex.com,WebEx
173.243.0.150,302,host,global-nebulaj.webex.com,WebEx
62.109.230.11,302,alias,germany.webex.com,WebEx
62.109.230.11,302,alias,nebulaai.webex.com,WebEx
62.109.230.11,302,host,global-nebulaai.webex.com,WebEx
173.243.0.162,302,alias,gg.webex.com,WebEx
173.243.0.162,302,alias,nebular.webex.com,WebEx
173.243.0.162,302,host,global-nebular.webex.com,WebEx
64.68.120.16,302,alias,gh.webex.com,WebEx
64.68.120.16,302,alias,nebulaaa9.webex.com,WebEx
64.68.120.16,302,host,global-nebulaaa9.webex.com,WebEx
66.114.168.203,302,alias,gm.webex.com,WebEx
66.114.168.203,302,alias,nebulaij.webex.com,WebEx
66.114.168.203,302,host,global-nebulaij.webex.com,WebEx
66.114.168.199,302,alias,gmail.webex.com,WebEx
66.114.168.199,302,alias,nebulaie.webex.com,WebEx
66.114.168.199,302,host,global-nebulaie.webex.com,WebEx
62.109.230.112,302,alias,gn.webex.com,WebEx
62.109.230.112,302,alias,nebulaw.webex.com,WebEx
62.109.230.112,302,host,global-nebulaw.webex.com,WebEx
66.163.42.55,302,alias,go.webex.com,WebEx
66.163.42.55,302,alias,nebulabts1.webex.com,WebEx
66.163.42.55,302,host,global-nebulabt8.webex.com,WebEx
114.29.213.193,302,alias,gold.webex.com,WebEx
114.29.213.193,302,alias,nebulaas.webex.com,WebEx
114.29.213.193,302,host,global-nebulaas.webex.com,WebEx
173.243.5.19,,alias,gov.webex.com,
173.243.5.19,,alias,wwwintlvm.webex.com,
173.243.5.19,,host,global-wwwintlvm.webex.com,
62.109.230.112,302,alias,groups.webex.com,WebEx
62.109.230.112,302,alias,nebulaw.webex.com,WebEx
62.109.230.112,302,host,global-nebulaw.webex.com,WebEx
114.29.213.193,302,alias,gs.webex.com,WebEx
114.29.213.193,302,alias,nebulaas.webex.com,WebEx
114.29.213.193,302,host,global-nebulaas.webex.com,WebEx
173.243.0.162,302,alias,gsx.webex.com,WebEx
173.243.0.162,302,alias,nebular.webex.com,WebEx
173.243.0.162,302,host,global-nebular.webex.com,WebEx
209.197.193.90,302,alias,gt.webex.com,WebEx
209.197.193.90,302,alias,nebulab.webex.com,WebEx
209.197.193.90,302,host,global-nebulab.webex.com,WebEx
209.197.193.90,302,alias,guest.webex.com,WebEx
209.197.193.90,302,alias,nebulab.webex.com,WebEx
209.197.193.90,302,host,global-nebulab.webex.com,WebEx
114.29.213.193,302,alias,gw.webex.com,WebEx
114.29.213.193,302,alias,nebulaas.webex.com,WebEx
114.29.213.193,302,host,global-nebulaas.webex.com,WebEx
64.68.122.208,,host,gw1.webex.com,
114.29.213.193,302,alias,hal.webex.com,WebEx
114.29.213.193,302,alias,nebulaas.webex.com,WebEx
114.29.213.193,302,host,global-nebulaas.webex.com,WebEx
66.114.168.201,302,alias,hello.webex.com,WebEx
66.114.168.201,302,alias,nebulau.webex.com,WebEx
66.114.168.201,302,host,global-nebulau.webex.com,WebEx
13.35.22.102,301,alias,help.webex.com,CloudFront
13.35.22.102,301,host,d2yv6cqq8cnqfm.cloudfront.net,CloudFront
173.243.0.162,302,alias,henry.webex.com,WebEx
173.243.0.162,302,alias,nebular.webex.com,WebEx
173.243.0.162,302,host,global-nebular.webex.com,WebEx
173.243.0.150,302,alias,hermes.webex.com,WebEx
173.243.0.150,302,alias,nebulaj.webex.com,WebEx
173.243.0.150,302,host,global-nebulaj.webex.com,WebEx
66.114.168.199,302,alias,hi.webex.com,WebEx
66.114.168.199,302,alias,nebulaie.webex.com,WebEx
66.114.168.199,302,host,global-nebulaie.webex.com,WebEx
114.29.213.193,302,alias,hk.webex.com,WebEx
114.29.213.193,302,alias,nebulaas.webex.com,WebEx
114.29.213.193,302,host,global-nebulaas.webex.com,WebEx
209.197.193.97,302,alias,hm.webex.com,WebEx
209.197.193.97,302,alias,nebulas.webex.com,WebEx
209.197.193.97,302,host,global-nebulas.webex.com,WebEx
209.197.193.97,302,alias,houston.webex.com,WebEx
209.197.193.97,302,alias,nebulas.webex.com,WebEx
209.197.193.97,302,host,global-nebulas.webex.com,WebEx
209.197.193.90,302,alias,hp.webex.com,WebEx
209.197.193.90,302,alias,nebulab.webex.com,WebEx
209.197.193.90,302,host,global-nebulab.webex.com,WebEx
114.29.213.193,302,alias,hr.webex.com,WebEx
114.29.213.193,302,alias,nebulaas.webex.com,WebEx
114.29.213.193,302,host,global-nebulaas.webex.com,WebEx
66.114.168.199,302,alias,ht.webex.com,WebEx
66.114.168.199,302,alias,nebulaie.webex.com,WebEx
66.114.168.199,302,host,global-nebulaie.webex.com,WebEx
66.114.168.199,302,alias,https.webex.com,WebEx
66.114.168.199,302,alias,nebulaie.webex.com,WebEx
66.114.168.199,302,host,global-nebulaie.webex.com,WebEx
62.109.230.112,302,alias,hu.webex.com,WebEx
62.109.230.112,302,alias,nebulaw.webex.com,WebEx
62.109.230.112,302,host,global-nebulaw.webex.com,WebEx
209.197.193.95,302,alias,humanresources.webex.com,WebEx
209.197.193.95,302,alias,nebulae.webex.com,WebEx
209.197.193.95,302,host,global-nebulae.webex.com,WebEx
114.29.213.193,302,alias,i.webex.com,WebEx
114.29.213.193,302,alias,nebulaas.webex.com,WebEx
114.29.213.193,302,host,global-nebulaas.webex.com,WebEx
114.29.213.193,302,alias,ia.webex.com,WebEx
114.29.213.193,302,alias,nebulaas.webex.com,WebEx
114.29.213.193,302,host,global-nebulaas.webex.com,WebEx
209.197.193.90,302,alias,ias.webex.com,WebEx
209.197.193.90,302,alias,nebulab.webex.com,WebEx
209.197.193.90,302,host,global-nebulab.webex.com,WebEx
66.114.168.199,302,alias,ibm.webex.com,WebEx
66.114.168.199,302,alias,nebulaie.webex.com,WebEx
66.114.168.199,302,host,global-nebulaie.webex.com,WebEx
114.29.213.193,302,alias,id.webex.com,WebEx
114.29.213.193,302,alias,nebulaas.webex.com,WebEx
114.29.213.193,302,host,global-nebulaas.webex.com,WebEx
62.109.230.119,302,alias,ids.webex.com,WebEx
62.109.230.119,302,alias,nebulai.webex.com,WebEx
62.109.230.119,302,host,global-nebulai.webex.com,WebEx
62.109.230.112,302,alias,ie.webex.com,WebEx
62.109.230.112,302,alias,nebulaw.webex.com,WebEx
62.109.230.112,302,host,global-nebulaw.webex.com,WebEx
62.109.230.11,302,alias,iis.webex.com,WebEx
62.109.230.11,302,alias,nebulaai.webex.com,WebEx
62.109.230.11,302,host,global-nebulaai.webex.com,WebEx
64.68.120.16,302,alias,il.webex.com,WebEx
64.68.120.16,302,alias,nebulaaa9.webex.com,WebEx
64.68.120.16,302,host,global-nebulaaa9.webex.com,WebEx
209.197.193.97,302,alias,illinois.webex.com,WebEx
209.197.193.97,302,alias,nebulas.webex.com,WebEx
209.197.193.97,302,host,global-nebulas.webex.com,WebEx
173.243.0.152,302,alias,im.webex.com,WebEx
173.243.0.152,302,alias,nebulal.webex.com,WebEx
173.243.0.152,302,host,global-nebulal.webex.com,WebEx
114.29.213.193,302,alias,inc.webex.com,WebEx
114.29.213.193,302,alias,nebulaas.webex.com,WebEx
114.29.213.193,302,host,global-nebulaas.webex.com,WebEx
209.197.193.90,302,alias,india.webex.com,WebEx
209.197.193.90,302,alias,nebulab.webex.com,WebEx
209.197.193.90,302,host,global-nebulab.webex.com,WebEx
64.68.120.16,302,alias,indiana.webex.com,WebEx
64.68.120.16,302,alias,nebulaaa9.webex.com,WebEx
64.68.120.16,302,host,global-nebulaaa9.webex.com,WebEx
62.109.230.11,302,alias,info.webex.com,WebEx
62.109.230.11,302,alias,nebulaai.webex.com,WebEx
62.109.230.11,302,host,global-nebulaai.webex.com,WebEx
173.243.0.150,302,alias,int.webex.com,WebEx
173.243.0.150,302,alias,nebulaj.webex.com,WebEx
173.243.0.150,302,host,global-nebulaj.webex.com,WebEx
173.243.0.162,302,alias,internal.webex.com,WebEx
173.243.0.162,302,alias,nebular.webex.com,WebEx
173.243.0.162,302,host,global-nebular.webex.com,WebEx
62.109.230.11,302,alias,investors.webex.com,WebEx
62.109.230.11,302,alias,nebulaai.webex.com,WebEx
62.109.230.11,302,host,global-nebulaai.webex.com,WebEx
62.109.230.11,302,alias,iota.webex.com,WebEx
62.109.230.11,302,alias,nebulaai.webex.com,WebEx
62.109.230.11,302,host,global-nebulaai.webex.com,WebEx
114.29.213.193,302,alias,iplanet.webex.com,WebEx
114.29.213.193,302,alias,nebulaas.webex.com,WebEx
114.29.213.193,302,host,global-nebulaas.webex.com,WebEx
66.114.168.203,302,alias,ipsec.webex.com,WebEx
66.114.168.203,302,alias,nebulaij.webex.com,WebEx
66.114.168.203,302,host,global-nebulaij.webex.com,WebEx
64.68.120.16,302,alias,iq.webex.com,WebEx
64.68.120.16,302,alias,nebulaaa9.webex.com,WebEx
64.68.120.16,302,host,global-nebulaaa9.webex.com,WebEx
140.213.62.9,302,alias,ir.webex.com,AkamaiGHost
140.213.62.9,302,alias,phx.corporate-ir.net,AkamaiGHost
140.213.62.9,302,alias,phx-wdc.corporate-ir.net.edgesuite.net,AkamaiGHost
140.213.62.9,302,host,a1915.dscr.akamai.net,AkamaiGHost
140.213.62.34,302,host,a1915.dscr.akamai.net,AkamaiGHost
114.29.213.193,302,alias,irc.webex.com,WebEx
114.29.213.193,302,alias,nebulaas.webex.com,WebEx
114.29.213.193,302,host,global-nebulaas.webex.com,WebEx
62.109.230.112,302,alias,iris.webex.com,WebEx
62.109.230.112,302,alias,nebulaw.webex.com,WebEx
62.109.230.112,302,host,global-nebulaw.webex.com,WebEx
64.68.105.105,302,alias,irving.webex.com,WebEx
64.68.105.105,302,alias,nebulaab9.webex.com,WebEx
64.68.105.105,302,host,global-nebulaab9.webex.com,WebEx
62.109.231.1,302,alias,isa.webex.com,WebEx
62.109.231.1,302,alias,nebulabi.webex.com,WebEx
62.109.231.1,302,host,global-nebulabi.webex.com,WebEx
62.109.231.1,302,alias,ism.webex.com,WebEx
62.109.231.1,302,alias,nebulabi.webex.com,WebEx
62.109.231.1,302,host,global-nebulabi.webex.com,WebEx
114.29.213.193,302,alias,it.webex.com,WebEx
114.29.213.193,302,alias,nebulaas.webex.com,WebEx
114.29.213.193,302,host,global-nebulaas.webex.com,WebEx
62.109.230.112,302,alias,ix.webex.com,WebEx
62.109.230.112,302,alias,nebulaw.webex.com,WebEx
62.109.230.112,302,host,global-nebulaw.webex.com,WebEx
114.29.213.193,302,alias,japan.webex.com,WebEx
114.29.213.193,302,alias,nebulaas.webex.com,WebEx
114.29.213.193,302,host,global-nebulaas.webex.com,WebEx
209.197.193.97,302,alias,jm.webex.com,WebEx
209.197.193.97,302,alias,nebulas.webex.com,WebEx
209.197.193.97,302,host,global-nebulas.webex.com,WebEx
207.182.161.16,302,alias,john.webex.com,
207.182.161.16,302,alias,nebulaf.webex.com,
207.182.161.16,302,host,global-nebulaf.webex.com,
173.243.0.150,302,alias,juniper.webex.com,WebEx
173.243.0.150,302,alias,nebulaj.webex.com,WebEx
173.243.0.150,302,host,global-nebulaj.webex.com,WebEx
209.197.193.90,302,alias,k.webex.com,WebEx
209.197.193.90,302,alias,nebulab.webex.com,WebEx
209.197.193.90,302,host,global-nebulab.webex.com,WebEx
3.142.139.96,302,alias,kb.webex.com,Apache/2.4.46 (Amazon) OpenSSL/1.0.2k-fips
3.142.139.96,302,alias,service-help.webex.com,Apache/2.4.46 (Amazon) OpenSSL/1.0.2k-fips
3.142.139.96,302,host,chp-micr-olefwycs48pc.4ryje4skpv.us-east-2.elasticbeanstalk.com,Apache/2.4.46 (Amazon) OpenSSL/1.0.2k-fips
3.23.214.126,302,host,chp-micr-olefwycs48pc.4ryje4skpv.us-east-2.elasticbeanstalk.com,Apache/2.4.46 (Amazon) OpenSSL/1.0.2k-fips
3.140.180.243,302,host,chp-micr-olefwycs48pc.4ryje4skpv.us-east-2.elasticbeanstalk.com,Apache/2.4.46 (Amazon) OpenSSL/1.0.2k-fips
62.109.230.11,302,alias,ke.webex.com,WebEx
62.109.230.11,302,alias,nebulaai.webex.com,WebEx
62.109.230.11,302,host,global-nebulaai.webex.com,WebEx
62.109.231.1,302,alias,kg.webex.com,WebEx
62.109.231.1,302,alias,nebulabi.webex.com,WebEx
62.109.231.1,302,host,global-nebulabi.webex.com,WebEx
66.114.168.199,302,alias,kh.webex.com,WebEx
66.114.168.199,302,alias,nebulaie.webex.com,WebEx
66.114.168.199,302,host,global-nebulaie.webex.com,WebEx
62.109.231.1,302,alias,ki.webex.com,WebEx
62.109.231.1,302,alias,nebulabi.webex.com,WebEx
62.109.231.1,302,host,global-nebulabi.webex.com,WebEx
173.243.0.150,302,alias,king.webex.com,WebEx
173.243.0.150,302,alias,nebulaj.webex.com,WebEx
173.243.0.150,302,host,global-nebulaj.webex.com,WebEx
62.109.230.112,302,alias,km.webex.com,WebEx
62.109.230.112,302,alias,nebulaw.webex.com,WebEx
62.109.230.112,302,host,global-nebulaw.webex.com,WebEx
114.29.213.193,302,alias,korea.webex.com,WebEx
114.29.213.193,302,alias,nebulaas.webex.com,WebEx
114.29.213.193,302,host,global-nebulaas.webex.com,WebEx
209.197.193.90,302,alias,kp.webex.com,WebEx
209.197.193.90,302,alias,nebulab.webex.com,WebEx
209.197.193.90,302,host,global-nebulab.webex.com,WebEx
62.109.230.119,302,alias,ks.webex.com,WebEx
62.109.230.119,302,alias,nebulai.webex.com,WebEx
62.109.230.119,302,host,global-nebulai.webex.com,WebEx
114.29.213.193,302,alias,kw.webex.com,WebEx
114.29.213.193,302,alias,nebulaas.webex.com,WebEx
114.29.213.193,302,host,global-nebulaas.webex.com,WebEx
66.114.168.199,302,alias,lab.webex.com,WebEx
66.114.168.199,302,alias,nebulaie.webex.com,WebEx
66.114.168.199,302,host,global-nebulaie.webex.com,WebEx
114.29.213.193,302,alias,labs.webex.com,WebEx
114.29.213.193,302,alias,nebulaas.webex.com,WebEx
114.29.213.193,302,host,global-nebulaas.webex.com,WebEx
62.109.230.119,302,alias,lambda.webex.com,WebEx
62.109.230.119,302,alias,nebulai.webex.com,WebEx
62.109.230.119,302,host,global-nebulai.webex.com,WebEx
62.109.230.11,302,alias,lan.webex.com,WebEx
62.109.230.11,302,alias,nebulaai.webex.com,WebEx
62.109.230.11,302,host,global-nebulaai.webex.com,WebEx
209.197.193.90,302,alias,launch.webex.com,WebEx
209.197.193.90,302,alias,nebulab.webex.com,WebEx
209.197.193.90,302,host,global-nebulab.webex.com,WebEx
114.29.213.193,302,alias,legal.webex.com,WebEx
114.29.213.193,302,alias,nebulaas.webex.com,WebEx
114.29.213.193,302,host,global-nebulaas.webex.com,WebEx
66.114.168.203,302,alias,leo.webex.com,WebEx
66.114.168.203,302,alias,nebulaij.webex.com,WebEx
66.114.168.203,302,host,global-nebulaij.webex.com,WebEx
62.109.230.11,302,alias,li.webex.com,WebEx
62.109.230.11,302,alias,nebulaai.webex.com,WebEx
62.109.230.11,302,host,global-nebulaai.webex.com,WebEx
62.109.230.112,302,alias,lima.webex.com,WebEx
62.109.230.112,302,alias,nebulaw.webex.com,WebEx
62.109.230.112,302,host,global-nebulaw.webex.com,WebEx
62.109.230.11,302,alias,lincoln.webex.com,WebEx
62.109.230.11,302,alias,nebulaai.webex.com,WebEx
62.109.230.11,302,host,global-nebulaai.webex.com,WebEx
66.114.168.199,302,alias,link.webex.com,WebEx
66.114.168.199,302,alias,nebulaie.webex.com,WebEx
66.114.168.199,302,host,global-nebulaie.webex.com,WebEx
114.29.213.193,302,alias,live.webex.com,WebEx
114.29.213.193,302,alias,nebulaas.webex.com,WebEx
114.29.213.193,302,host,global-nebulaas.webex.com,WebEx
62.109.230.11,302,alias,loadbalancer.webex.com,WebEx
62.109.230.11,302,alias,nebulaai.webex.com,WebEx
62.109.230.11,302,host,global-nebulaai.webex.com,WebEx
62.109.230.11,302,alias,london.webex.com,WebEx
62.109.230.11,302,alias,nebulaai.webex.com,WebEx
62.109.230.11,302,host,global-nebulaai.webex.com,WebEx
114.29.213.193,302,alias,lotus.webex.com,WebEx
114.29.213.193,302,alias,nebulaas.webex.com,WebEx
114.29.213.193,302,host,global-nebulaas.webex.com,WebEx
173.243.0.150,302,alias,ls.webex.com,WebEx
173.243.0.150,302,alias,nebulaj.webex.com,WebEx
173.243.0.150,302,host,global-nebulaj.webex.com,WebEx
62.109.230.112,302,alias,lt.webex.com,WebEx
62.109.230.112,302,alias,nebulaw.webex.com,WebEx
62.109.230.112,302,host,global-nebulaw.webex.com,WebEx
64.68.105.105,302,alias,lu.webex.com,WebEx
64.68.105.105,302,alias,nebulaab9.webex.com,WebEx
64.68.105.105,302,host,global-nebulaab9.webex.com,WebEx
114.29.213.193,302,alias,luke.webex.com,WebEx
114.29.213.193,302,alias,nebulaas.webex.com,WebEx
114.29.213.193,302,host,global-nebulaas.webex.com,WebEx
64.68.120.194,302,alias,m.webex.com,
64.68.120.194,302,alias,globalpage-prod.webex.com,
64.68.120.194,302,host,global-gpsprod.webex.com,
62.109.230.112,302,alias,mach.webex.com,WebEx
62.109.230.112,302,alias,nebulaw.webex.com,WebEx
62.109.230.112,302,host,global-nebulaw.webex.com,WebEx
62.109.230.11,302,alias,madrid.webex.com,WebEx
62.109.230.11,302,alias,nebulaai.webex.com,WebEx
62.109.230.11,302,host,global-nebulaai.webex.com,WebEx
64.68.120.11,,host,mail.webex.com,
173.243.0.150,302,alias,maine.webex.com,WebEx
173.243.0.150,302,alias,nebulaj.webex.com,WebEx
173.243.0.150,302,host,global-nebulaj.webex.com,WebEx
114.29.213.193,302,alias,manage.webex.com,WebEx
114.29.213.193,302,alias,nebulaas.webex.com,WebEx
114.29.213.193,302,host,global-nebulaas.webex.com,WebEx
173.243.0.162,302,alias,marketing.webex.com,WebEx
173.243.0.162,302,alias,nebular.webex.com,WebEx
173.243.0.162,302,host,global-nebular.webex.com,WebEx
66.163.36.169,200,alias,marketplace.webex.com,WebEx
66.163.36.169,200,alias,download.webex.com,WebEx
66.163.36.169,200,host,global-download.webex.com,WebEx
64.68.105.105,302,alias,master.webex.com,WebEx
64.68.105.105,302,alias,nebulaab9.webex.com,WebEx
64.68.105.105,302,host,global-nebulaab9.webex.com,WebEx
62.109.230.112,302,alias,max.webex.com,WebEx
62.109.230.112,302,alias,nebulaw.webex.com,WebEx
62.109.230.112,302,host,global-nebulaw.webex.com,WebEx
62.109.230.119,302,alias,mc.webex.com,WebEx
62.109.230.119,302,alias,nebulai.webex.com,WebEx
62.109.230.119,302,host,global-nebulai.webex.com,WebEx
62.109.230.112,302,alias,mci.webex.com,WebEx
62.109.230.112,302,alias,nebulaw.webex.com,WebEx
62.109.230.112,302,host,global-nebulaw.webex.com,WebEx
66.114.168.199,302,alias,md.webex.com,WebEx
66.114.168.199,302,alias,nebulaie.webex.com,WebEx
66.114.168.199,302,host,global-nebulaie.webex.com,WebEx
114.29.213.193,302,alias,me.webex.com,WebEx
114.29.213.193,302,alias,nebulaas.webex.com,WebEx
114.29.213.193,302,host,global-nebulaas.webex.com,WebEx
62.109.230.11,302,alias,media.webex.com,WebEx
62.109.230.11,302,alias,nebulaai.webex.com,WebEx
62.109.230.11,302,host,global-nebulaai.webex.com,WebEx
114.29.213.193,302,alias,mg.webex.com,WebEx
114.29.213.193,302,alias,nebulaas.webex.com,WebEx
114.29.213.193,302,host,global-nebulaas.webex.com,WebEx
64.68.105.105,302,alias,mi.webex.com,WebEx
64.68.105.105,302,alias,nebulaab9.webex.com,WebEx
64.68.105.105,302,host,global-nebulaab9.webex.com,WebEx
64.68.105.105,302,alias,miami.webex.com,WebEx
64.68.105.105,302,alias,nebulaab9.webex.com,WebEx
64.68.105.105,302,host,global-nebulaab9.webex.com,WebEx
64.68.120.16,302,alias,michigan.webex.com,WebEx
64.68.120.16,302,alias,nebulaaa9.webex.com,WebEx
64.68.120.16,302,host,global-nebulaaa9.webex.com,WebEx
173.243.0.162,302,alias,mickey.webex.com,WebEx
173.243.0.162,302,alias,nebular.webex.com,WebEx
173.243.0.162,302,host,global-nebular.webex.com,WebEx
66.114.168.203,302,alias,minneapolis.webex.com,WebEx
66.114.168.203,302,alias,nebulaij.webex.com,WebEx
66.114.168.203,302,host,global-nebulaij.webex.com,WebEx
66.114.168.203,302,alias,minnesota.webex.com,WebEx
66.114.168.203,302,alias,nebulaij.webex.com,WebEx
66.114.168.203,302,host,global-nebulaij.webex.com,WebEx
62.109.230.11,302,alias,mis.webex.com,WebEx
62.109.230.11,302,alias,nebulaai.webex.com,WebEx
62.109.230.11,302,host,global-nebulaai.webex.com,WebEx
69.26.183.11,302,alias,mk.webex.com,WebEx
69.26.183.11,302,alias,nebulaap.webex.com,WebEx
69.26.183.11,302,host,global-nebulaap.webex.com,WebEx
114.29.213.193,302,alias,mm.webex.com,WebEx
114.29.213.193,302,alias,nebulaas.webex.com,WebEx
114.29.213.193,302,host,global-nebulaas.webex.com,WebEx
64.68.121.175,302,alias,montana.webex.com,WebEx
64.68.121.175,302,alias,nebulaaw.webex.com,WebEx
64.68.121.175,302,host,global-nebulaaw.webex.com,WebEx
66.114.168.203,302,alias,mp.webex.com,WebEx
66.114.168.203,302,alias,nebulaij.webex.com,WebEx
66.114.168.203,302,host,global-nebulaij.webex.com,WebEx
62.109.230.11,302,alias,mpg.webex.com,WebEx
62.109.230.11,302,alias,nebulaai.webex.com,WebEx
62.109.230.11,302,host,global-nebulaai.webex.com,WebEx
62.109.230.11,302,alias,mr.webex.com,WebEx
62.109.230.11,302,alias,nebulaai.webex.com,WebEx
62.109.230.11,302,host,global-nebulaai.webex.com,WebEx
62.109.230.112,302,alias,ms.webex.com,WebEx
62.109.230.112,302,alias,nebulaw.webex.com,WebEx
62.109.230.112,302,host,global-nebulaw.webex.com,WebEx
62.109.230.119,302,alias,mtu.webex.com,WebEx
62.109.230.119,302,alias,nebulai.webex.com,WebEx
62.109.230.119,302,host,global-nebulai.webex.com,WebEx
64.68.121.175,302,alias,mu.webex.com,WebEx
64.68.121.175,302,alias,nebulaaw.webex.com,WebEx
64.68.121.175,302,host,global-nebulaaw.webex.com,WebEx
209.197.193.90,302,alias,music.webex.com,WebEx
209.197.193.90,302,alias,nebulab.webex.com,WebEx
209.197.193.90,302,host,global-nebulab.webex.com,WebEx
62.109.230.11,302,alias,mv.webex.com,WebEx
62.109.230.11,302,alias,nebulaai.webex.com,WebEx
62.109.230.11,302,host,global-nebulaai.webex.com,WebEx
66.114.168.203,302,alias,mx.webex.com,WebEx
66.114.168.203,302,alias,nebulaij.webex.com,WebEx
66.114.168.203,302,host,global-nebulaij.webex.com,WebEx
62.109.230.11,302,alias,mz.webex.com,WebEx
62.109.230.11,302,alias,nebulaai.webex.com,WebEx
62.109.230.11,302,host,global-nebulaai.webex.com,WebEx
66.114.168.199,302,alias,na.webex.com,WebEx
66.114.168.199,302,alias,nebulaie.webex.com,WebEx
66.114.168.199,302,host,global-nebulaie.webex.com,WebEx
66.114.168.203,302,alias,nashville.webex.com,WebEx
66.114.168.203,302,alias,nebulaij.webex.com,WebEx
66.114.168.203,302,host,global-nebulaij.webex.com,WebEx
114.29.213.193,302,alias,nat.webex.com,WebEx
114.29.213.193,302,alias,nebulaas.webex.com,WebEx
114.29.213.193,302,host,global-nebulaas.webex.com,WebEx
62.109.230.112,302,alias,nc.webex.com,WebEx
62.109.230.112,302,alias,nebulaw.webex.com,WebEx
62.109.230.112,302,host,global-nebulaw.webex.com,WebEx
207.182.161.16,302,alias,nds.webex.com,
207.182.161.16,302,alias,nebulaf.webex.com,
207.182.161.16,302,host,global-nebulaf.webex.com,
209.197.193.97,302,alias,ne.webex.com,WebEx
209.197.193.97,302,alias,nebulas.webex.com,WebEx
209.197.193.97,302,host,global-nebulas.webex.com,WebEx
209.197.193.97,302,alias,neptune.webex.com,WebEx
209.197.193.97,302,alias,nebulas.webex.com,WebEx
209.197.193.97,302,host,global-nebulas.webex.com,WebEx
62.109.230.112,302,alias,net.webex.com,WebEx
62.109.230.112,302,alias,nebulaw.webex.com,WebEx
62.109.230.112,302,host,global-nebulaw.webex.com,WebEx
209.197.193.90,302,alias,netapp.webex.com,WebEx
209.197.193.90,302,alias,nebulab.webex.com,WebEx
209.197.193.90,302,host,global-nebulab.webex.com,WebEx
114.29.213.193,302,alias,netdata.webex.com,WebEx
114.29.213.193,302,alias,nebulaas.webex.com,WebEx
114.29.213.193,302,host,global-nebulaas.webex.com,WebEx
62.109.230.112,302,alias,netmeeting.webex.com,WebEx
62.109.230.112,302,alias,nebulaw.webex.com,WebEx
62.109.230.112,302,host,global-nebulaw.webex.com,WebEx
209.197.193.95,302,alias,network.webex.com,WebEx
209.197.193.95,302,alias,nebulae.webex.com,WebEx
209.197.193.95,302,host,global-nebulae.webex.com,WebEx
62.109.230.11,302,alias,newton.webex.com,WebEx
62.109.230.11,302,alias,nebulaai.webex.com,WebEx
62.109.230.11,302,host,global-nebulaai.webex.com,WebEx
114.29.213.193,302,alias,nf.webex.com,WebEx
114.29.213.193,302,alias,nebulaas.webex.com,WebEx
114.29.213.193,302,host,global-nebulaas.webex.com,WebEx
114.29.213.193,302,alias,ng.webex.com,WebEx
114.29.213.193,302,alias,nebulaas.webex.com,WebEx
114.29.213.193,302,host,global-nebulaas.webex.com,WebEx
114.29.213.193,302,alias,ni.webex.com,WebEx
114.29.213.193,302,alias,nebulaas.webex.com,WebEx
114.29.213.193,302,host,global-nebulaas.webex.com,WebEx
114.29.213.193,302,alias,nl.webex.com,WebEx
114.29.213.193,302,alias,nebulaas.webex.com,WebEx
114.29.213.193,302,host,global-nebulaas.webex.com,WebEx
66.114.168.203,302,alias,nm.webex.com,WebEx
66.114.168.203,302,alias,nebulaij.webex.com,WebEx
66.114.168.203,302,host,global-nebulaij.webex.com,WebEx
64.68.105.105,302,alias,nms.webex.com,WebEx
64.68.105.105,302,alias,nebulaab9.webex.com,WebEx
64.68.105.105,302,host,global-nebulaab9.webex.com,WebEx
66.114.168.199,302,alias,no.webex.com,WebEx
66.114.168.199,302,alias,nebulaie.webex.com,WebEx
66.114.168.199,302,host,global-nebulaie.webex.com,WebEx
173.243.0.150,302,alias,node.webex.com,WebEx
173.243.0.150,302,alias,nebulaj.webex.com,WebEx
173.243.0.150,302,host,global-nebulaj.webex.com,WebEx
62.109.230.11,302,alias,nora.webex.com,WebEx
62.109.230.11,302,alias,nebulaai.webex.com,WebEx
62.109.230.11,302,host,global-nebulaai.webex.com,WebEx
62.109.230.11,302,alias,nr.webex.com,WebEx
62.109.230.11,302,alias,nebulaai.webex.com,WebEx
62.109.230.11,302,host,global-nebulaai.webex.com,WebEx
114.29.213.193,302,alias,ns.webex.com,WebEx
114.29.213.193,302,alias,nebulaas.webex.com,WebEx
114.29.213.193,302,host,global-nebulaas.webex.com,WebEx
66.163.53.1,,host,ns01.webex.com,
66.163.53.1,,alias,ns1.webex.com,
66.163.53.1,,host,ns01.webex.com,
209.197.193.97,302,alias,ns2.webex.com,WebEx
209.197.193.97,302,alias,nebulas.webex.com,WebEx
209.197.193.97,302,host,global-nebulas.webex.com,WebEx
62.109.230.112,302,alias,nt.webex.com,WebEx
62.109.230.112,302,alias,nebulaw.webex.com,WebEx
62.109.230.112,302,host,global-nebulaw.webex.com,WebEx
64.68.105.105,302,alias,ntp.webex.com,WebEx
64.68.105.105,302,alias,nebulaab9.webex.com,WebEx
64.68.105.105,302,host,global-nebulaab9.webex.com,WebEx
114.29.213.193,302,alias,nu.webex.com,WebEx
114.29.213.193,302,alias,nebulaas.webex.com,WebEx
114.29.213.193,302,host,global-nebulaas.webex.com,WebEx
114.29.213.193,302,alias,nz.webex.com,WebEx
114.29.213.193,302,alias,nebulaas.webex.com,WebEx
114.29.213.193,302,host,global-nebulaas.webex.com,WebEx
64.68.105.105,302,alias,oakland.webex.com,WebEx
64.68.105.105,302,alias,nebulaab9.webex.com,WebEx
64.68.105.105,302,host,global-nebulaab9.webex.com,WebEx
173.243.0.162,302,alias,ocean.webex.com,WebEx
173.243.0.162,302,alias,nebular.webex.com,WebEx
173.243.0.162,302,host,global-nebular.webex.com,WebEx
173.243.0.150,302,alias,office.webex.com,WebEx
173.243.0.150,302,alias,nebulaj.webex.com,WebEx
173.243.0.150,302,host,global-nebulaj.webex.com,WebEx
209.197.193.97,302,alias,oh.webex.com,WebEx
209.197.193.97,302,alias,nebulas.webex.com,WebEx
209.197.193.97,302,host,global-nebulas.webex.com,WebEx
173.243.0.150,302,alias,ohio.webex.com,WebEx
173.243.0.150,302,alias,nebulaj.webex.com,WebEx
173.243.0.150,302,host,global-nebulaj.webex.com,WebEx
173.243.0.150,302,alias,omega.webex.com,WebEx
173.243.0.150,302,alias,nebulaj.webex.com,WebEx
173.243.0.150,302,host,global-nebulaj.webex.com,WebEx
209.197.193.90,302,alias,omicron.webex.com,WebEx
209.197.193.90,302,alias,nebulab.webex.com,WebEx
209.197.193.90,302,host,global-nebulab.webex.com,WebEx
66.114.168.203,302,alias,online.webex.com,WebEx
66.114.168.203,302,alias,nebulaij.webex.com,WebEx
66.114.168.203,302,host,global-nebulaij.webex.com,WebEx
64.68.105.105,302,alias,open.webex.com,WebEx
64.68.105.105,302,alias,nebulaab9.webex.com,WebEx
64.68.105.105,302,host,global-nebulaab9.webex.com,WebEx
64.68.105.105,302,alias,operations.webex.com,WebEx
64.68.105.105,302,alias,nebulaab9.webex.com,WebEx
64.68.105.105,302,host,global-nebulaab9.webex.com,WebEx
66.114.168.203,302,alias,ops.webex.com,WebEx
66.114.168.203,302,alias,nebulaij.webex.com,WebEx
66.114.168.203,302,host,global-nebulaij.webex.com,WebEx
64.68.105.105,302,alias,orange.webex.com,WebEx
64.68.105.105,302,alias,nebulaab9.webex.com,WebEx
64.68.105.105,302,host,global-nebulaab9.webex.com,WebEx
173.243.0.162,302,alias,order.webex.com,WebEx
173.243.0.162,302,alias,nebular.webex.com,WebEx
173.243.0.162,302,host,global-nebular.webex.com,WebEx
173.243.0.152,302,alias,orion.webex.com,WebEx
173.243.0.152,302,alias,nebulal.webex.com,WebEx
173.243.0.152,302,host,global-nebulal.webex.com,WebEx
114.29.213.193,302,alias,ov.webex.com,WebEx
114.29.213.193,302,alias,nebulaas.webex.com,WebEx
114.29.213.193,302,host,global-nebulaas.webex.com,WebEx
64.68.120.16,302,alias,owa.webex.com,WebEx
64.68.120.16,302,alias,nebulaaa9.webex.com,WebEx
64.68.120.16,302,host,global-nebulaaa9.webex.com,WebEx
62.109.230.11,302,alias,ows.webex.com,WebEx
62.109.230.11,302,alias,nebulaai.webex.com,WebEx
62.109.230.11,302,host,global-nebulaai.webex.com,WebEx
64.68.120.16,302,alias,pager.webex.com,WebEx
64.68.120.16,302,alias,nebulaaa9.webex.com,WebEx
64.68.120.16,302,host,global-nebulaaa9.webex.com,WebEx
62.109.230.11,302,alias,paris.webex.com,WebEx
62.109.230.11,302,alias,nebulaai.webex.com,WebEx
62.109.230.11,302,host,global-nebulaai.webex.com,WebEx
173.243.5.19,,alias,partners.webex.com,
173.243.5.19,,alias,wwwintlvm.webex.com,
173.243.5.19,,host,global-wwwintlvm.webex.com,
114.29.213.193,302,alias,payroll.webex.com,WebEx
114.29.213.193,302,alias,nebulaas.webex.com,WebEx
114.29.213.193,302,host,global-nebulaas.webex.com,WebEx
62.109.230.11,302,alias,pc.webex.com,WebEx
62.109.230.11,302,alias,nebulaai.webex.com,WebEx
62.109.230.11,302,host,global-nebulaai.webex.com,WebEx
66.114.168.199,302,alias,pda.webex.com,WebEx
66.114.168.199,302,alias,nebulaie.webex.com,WebEx
66.114.168.199,302,host,global-nebulaie.webex.com,WebEx
209.197.193.97,302,alias,pe.webex.com,WebEx
209.197.193.97,302,alias,nebulas.webex.com,WebEx
209.197.193.97,302,host,global-nebulas.webex.com,WebEx
62.109.230.112,302,alias,pegasus.webex.com,WebEx
62.109.230.112,302,alias,nebulaw.webex.com,WebEx
62.109.230.112,302,host,global-nebulaw.webex.com,WebEx
62.109.230.112,302,alias,personal.webex.com,WebEx
62.109.230.112,302,alias,nebulaw.webex.com,WebEx
62.109.230.112,302,host,global-nebulaw.webex.com,WebEx
114.29.213.193,302,alias,pf.webex.com,WebEx
114.29.213.193,302,alias,nebulaas.webex.com,WebEx
114.29.213.193,302,host,global-nebulaas.webex.com,WebEx
173.243.0.150,302,alias,pg.webex.com,WebEx
173.243.0.150,302,alias,nebulaj.webex.com,WebEx
173.243.0.150,302,host,global-nebulaj.webex.com,WebEx
209.197.193.95,302,alias,pgp.webex.com,WebEx
209.197.193.95,302,alias,nebulae.webex.com,WebEx
209.197.193.95,302,host,global-nebulae.webex.com,WebEx
66.114.168.199,302,alias,ph.webex.com,WebEx
66.114.168.199,302,alias,nebulaie.webex.com,WebEx
66.114.168.199,302,host,global-nebulaie.webex.com,WebEx
66.114.168.203,302,alias,phi.webex.com,WebEx
66.114.168.203,302,alias,nebulaij.webex.com,WebEx
66.114.168.203,302,host,global-nebulaij.webex.com,WebEx
62.109.230.11,302,alias,philadelphia.webex.com,WebEx
62.109.230.11,302,alias,nebulaai.webex.com,WebEx
62.109.230.11,302,host,global-nebulaai.webex.com,WebEx
66.163.37.175,302,alias,pi.webex.com,
66.163.37.175,302,alias,insights.webex.com,
66.163.37.175,302,host,global-insights.webex.com,
62.109.230.11,302,alias,pk.webex.com,WebEx
62.109.230.11,302,alias,nebulaai.webex.com,WebEx
62.109.230.11,302,host,global-nebulaai.webex.com,WebEx
173.243.0.150,302,alias,pki.webex.com,WebEx
173.243.0.150,302,alias,nebulaj.webex.com,WebEx
173.243.0.150,302,host,global-nebulaj.webex.com,WebEx
173.243.0.162,302,alias,pm.webex.com,WebEx
173.243.0.162,302,alias,nebular.webex.com,WebEx
173.243.0.162,302,host,global-nebular.webex.com,WebEx
62.109.230.112,302,alias,pm1.webex.com,WebEx
62.109.230.112,302,alias,nebulaw.webex.com,WebEx
62.109.230.112,302,host,global-nebulaw.webex.com,WebEx
66.114.162.3,302,alias,po.webex.com,
66.114.162.3,302,host,nebulaats1.webex.com,
66.114.168.71,,host,portal.webex.com,
62.109.230.11,302,alias,post.webex.com,WebEx
62.109.230.11,302,alias,nebulaai.webex.com,WebEx
62.109.230.11,302,host,global-nebulaai.webex.com,WebEx
62.109.230.11,302,alias,posta.webex.com,WebEx
62.109.230.11,302,alias,nebulaai.webex.com,WebEx
62.109.230.11,302,host,global-nebulaai.webex.com,WebEx
114.29.213.193,302,alias,privacy.webex.com,WebEx
114.29.213.193,302,alias,nebulaas.webex.com,WebEx
114.29.213.193,302,host,global-nebulaas.webex.com,WebEx
209.197.193.90,302,alias,profiles.webex.com,WebEx
209.197.193.90,302,alias,nebulab.webex.com,WebEx
209.197.193.90,302,host,global-nebulab.webex.com,WebEx
173.243.0.154,302,alias,project.webex.com,WebEx
173.243.0.154,302,alias,nebulam.webex.com,WebEx
173.243.0.154,302,host,global-nebulam.webex.com,WebEx
209.197.193.97,302,alias,promo.webex.com,WebEx
209.197.193.97,302,alias,nebulas.webex.com,WebEx
209.197.193.97,302,host,global-nebulas.webex.com,WebEx
209.197.193.97,302,alias,proxy.webex.com,WebEx
209.197.193.97,302,alias,nebulas.webex.com,WebEx
209.197.193.97,302,host,global-nebulas.webex.com,WebEx
62.109.230.11,302,alias,prueba.webex.com,WebEx
62.109.230.11,302,alias,nebulaai.webex.com,WebEx
62.109.230.11,302,host,global-nebulaai.webex.com,WebEx
114.29.213.193,302,alias,ps.webex.com,WebEx
114.29.213.193,302,alias,nebulaas.webex.com,WebEx
114.29.213.193,302,host,global-nebulaas.webex.com,WebEx
114.29.213.193,302,alias,psi.webex.com,WebEx
114.29.213.193,302,alias,nebulaas.webex.com,WebEx
114.29.213.193,302,host,global-nebulaas.webex.com,WebEx
62.109.230.11,302,alias,public.webex.com,WebEx
62.109.230.11,302,alias,nebulaai.webex.com,WebEx
62.109.230.11,302,host,global-nebulaai.webex.com,WebEx
62.109.230.112,302,alias,purple.webex.com,WebEx
62.109.230.112,302,alias,nebulaw.webex.com,WebEx
62.109.230.112,302,host,global-nebulaw.webex.com,WebEx
64.68.120.16,302,alias,py.webex.com,WebEx
64.68.120.16,302,alias,nebulaaa9.webex.com,WebEx
64.68.120.16,302,host,global-nebulaaa9.webex.com,WebEx
114.29.213.193,302,alias,r.webex.com,WebEx
114.29.213.193,302,alias,nebulaas.webex.com,WebEx
114.29.213.193,302,host,global-nebulaas.webex.com,WebEx
173.243.0.162,302,alias,r2.webex.com,WebEx
173.243.0.162,302,alias,nebular.webex.com,WebEx
173.243.0.162,302,host,global-nebular.webex.com,WebEx
64.68.105.105,302,alias,radius.webex.com,WebEx
64.68.105.105,302,alias,nebulaab9.webex.com,WebEx
64.68.105.105,302,host,global-nebulaab9.webex.com,WebEx
64.68.124.46,,host,raptor.webex.com,
62.109.230.11,302,alias,ras.webex.com,WebEx
62.109.230.11,302,alias,nebulaai.webex.com,WebEx
62.109.230.11,302,host,global-nebulaai.webex.com,WebEx
66.114.168.199,302,alias,rc.webex.com,WebEx
66.114.168.199,302,alias,nebulaie.webex.com,WebEx
66.114.168.199,302,host,global-nebulaie.webex.com,WebEx
66.114.168.203,302,alias,rcs.webex.com,WebEx
66.114.168.203,302,alias,nebulaij.webex.com,WebEx
66.114.168.203,302,host,global-nebulaij.webex.com,WebEx
66.114.168.199,302,alias,recruiting.webex.com,WebEx
66.114.168.199,302,alias,nebulaie.webex.com,WebEx
66.114.168.199,302,host,global-nebulaie.webex.com,WebEx
64.68.105.105,302,alias,ref.webex.com,WebEx
64.68.105.105,302,alias,nebulaab9.webex.com,WebEx
64.68.105.105,302,host,global-nebulaab9.webex.com,WebEx
13.59.223.204,301,alias,register.webex.com,nginx
13.59.223.204,301,alias,commerce.ciscospark.com,nginx
13.59.223.204,301,host,squared-static.wbx2.com,nginx
13.59.223.205,301,host,squared-static.wbx2.com,nginx
13.59.223.206,301,host,squared-static.wbx2.com,nginx
13.59.223.207,301,host,squared-static.wbx2.com,nginx
114.29.213.193,302,alias,remote.webex.com,WebEx
114.29.213.193,302,alias,nebulaas.webex.com,WebEx
114.29.213.193,302,host,global-nebulaas.webex.com,WebEx
209.197.193.90,302,alias,ris.webex.com,WebEx
209.197.193.90,302,alias,nebulab.webex.com,WebEx
209.197.193.90,302,host,global-nebulab.webex.com,WebEx
62.109.230.11,302,alias,ro.webex.com,WebEx
62.109.230.11,302,alias,nebulaai.webex.com,WebEx
62.109.230.11,302,host,global-nebulaai.webex.com,WebEx
102.1.2.1,,host,router1.webex.com,
114.29.213.193,302,alias,rss.webex.com,WebEx
114.29.213.193,302,alias,nebulaas.webex.com,WebEx
114.29.213.193,302,host,global-nebulaas.webex.com,WebEx
62.109.230.11,302,alias,rtr.webex.com,WebEx
62.109.230.11,302,alias,nebulaai.webex.com,WebEx
62.109.230.11,302,host,global-nebulaai.webex.com,WebEx
62.109.230.112,302,alias,ru.webex.com,WebEx
62.109.230.112,302,alias,nebulaw.webex.com,WebEx
62.109.230.112,302,host,global-nebulaw.webex.com,WebEx
62.109.230.11,302,alias,s.webex.com,WebEx
62.109.230.11,302,alias,nebulaai.webex.com,WebEx
62.109.230.11,302,host,global-nebulaai.webex.com,WebEx
173.243.0.150,302,alias,sa.webex.com,WebEx
173.243.0.150,302,alias,nebulaj.webex.com,WebEx
173.243.0.150,302,host,global-nebulaj.webex.com,WebEx
173.243.0.162,302,alias,san.webex.com,WebEx
173.243.0.162,302,alias,nebular.webex.com,WebEx
173.243.0.162,302,host,global-nebular.webex.com,WebEx
209.197.193.97,302,alias,sanantonio.webex.com,WebEx
209.197.193.97,302,alias,nebulas.webex.com,WebEx
209.197.193.97,302,host,global-nebulas.webex.com,WebEx
69.26.183.11,302,alias,sbs.webex.com,WebEx
69.26.183.11,302,alias,nebulaap.webex.com,WebEx
69.26.183.11,302,host,global-nebulaap.webex.com,WebEx
64.68.120.16,302,alias,sd.webex.com,WebEx
64.68.120.16,302,alias,nebulaaa9.webex.com,WebEx
64.68.120.16,302,host,global-nebulaaa9.webex.com,WebEx
209.197.193.90,302,alias,se.webex.com,WebEx
209.197.193.90,302,alias,nebulab.webex.com,WebEx
209.197.193.90,302,host,global-nebulab.webex.com,WebEx
66.114.168.203,302,alias,seattle.webex.com,WebEx
66.114.168.203,302,alias,nebulaij.webex.com,WebEx
66.114.168.203,302,host,global-nebulaij.webex.com,WebEx
64.68.120.16,302,alias,sec.webex.com,WebEx
64.68.120.16,302,alias,nebulaaa9.webex.com,WebEx
64.68.120.16,302,host,global-nebulaaa9.webex.com,WebEx
66.114.168.203,302,alias,secret.webex.com,WebEx
66.114.168.203,302,alias,nebulaij.webex.com,WebEx
66.114.168.203,302,host,global-nebulaij.webex.com,WebEx
64.68.105.105,302,alias,secure.webex.com,WebEx
64.68.105.105,302,alias,nebulaab9.webex.com,WebEx
64.68.105.105,302,host,global-nebulaab9.webex.com,WebEx
64.68.105.105,302,alias,security.webex.com,WebEx
64.68.105.105,302,alias,nebulaab9.webex.com,WebEx
64.68.105.105,302,host,global-nebulaab9.webex.com,WebEx
173.243.0.162,302,alias,service.webex.com,WebEx
173.243.0.162,302,alias,nebular.webex.com,WebEx
173.243.0.162,302,host,global-nebular.webex.com,WebEx
64.68.105.105,302,alias,sg.webex.com,WebEx
64.68.105.105,302,alias,nebulaab9.webex.com,WebEx
64.68.105.105,302,host,global-nebulaab9.webex.com,WebEx
64.68.105.105,302,alias,sh.webex.com,WebEx
64.68.105.105,302,alias,nebulaab9.webex.com,WebEx
64.68.105.105,302,host,global-nebulaab9.webex.com,WebEx
114.29.213.193,302,alias,si.webex.com,WebEx
114.29.213.193,302,alias,nebulaas.webex.com,WebEx
114.29.213.193,302,host,global-nebulaas.webex.com,WebEx
62.109.230.112,302,alias,sigma.webex.com,WebEx
62.109.230.112,302,alias,nebulaw.webex.com,WebEx
62.109.230.112,302,host,global-nebulaw.webex.com,WebEx
64.68.120.194,302,alias,signin.webex.com,
64.68.120.194,302,alias,globalpage-prod.webex.com,
64.68.120.194,302,host,global-gpsprod.webex.com,
23.76.105.126,301,alias,signup.webex.com,AkamaiGHost
23.76.105.126,301,alias,ipv6-www.webex.com.edgekey.net,AkamaiGHost
23.76.105.126,301,host,e119.dsca.akamaiedge.net,AkamaiGHost
64.68.120.16,302,alias,sim.webex.com,WebEx
64.68.120.16,302,alias,nebulaaa9.webex.com,WebEx
64.68.120.16,302,host,global-nebulaaa9.webex.com,WebEx
66.114.168.199,302,alias,sirius.webex.com,WebEx
66.114.168.199,302,alias,nebulaie.webex.com,WebEx
66.114.168.199,302,host,global-nebulaie.webex.com,WebEx
62.109.230.112,302,alias,site.webex.com,WebEx
62.109.230.112,302,alias,nebulaw.webex.com,WebEx
62.109.230.112,302,host,global-nebulaw.webex.com,WebEx
66.114.168.203,302,alias,sk.webex.com,WebEx
66.114.168.203,302,alias,nebulaij.webex.com,WebEx
66.114.168.203,302,host,global-nebulaij.webex.com,WebEx
66.114.168.203,302,alias,skywalker.webex.com,WebEx
66.114.168.203,302,alias,nebulaij.webex.com,WebEx
66.114.168.203,302,host,global-nebulaij.webex.com,WebEx
66.114.162.3,302,alias,sm.webex.com,
66.114.162.3,302,host,nebulaats1.webex.com,
69.26.183.11,302,alias,smc.webex.com,WebEx
69.26.183.11,302,alias,nebulaap.webex.com,WebEx
69.26.183.11,302,host,global-nebulaap.webex.com,WebEx
62.109.230.112,302,alias,sn.webex.com,WebEx
62.109.230.112,302,alias,nebulaw.webex.com,WebEx
62.109.230.112,302,host,global-nebulaw.webex.com,WebEx
66.114.162.3,302,alias,social.webex.com,
66.114.162.3,302,host,nebulaats1.webex.com,
62.109.230.11,302,alias,solaris.webex.com,WebEx
62.109.230.11,302,alias,nebulaai.webex.com,WebEx
62.109.230.11,302,host,global-nebulaai.webex.com,WebEx
66.114.168.203,302,alias,solutions.webex.com,WebEx
66.114.168.203,302,alias,nebulaij.webex.com,WebEx
66.114.168.203,302,host,global-nebulaij.webex.com,WebEx
173.243.0.152,302,alias,splunk.webex.com,WebEx
173.243.0.152,302,alias,nebulal.webex.com,WebEx
173.243.0.152,302,host,global-nebulal.webex.com,WebEx
62.109.230.112,302,alias,ss.webex.com,WebEx
62.109.230.112,302,alias,nebulaw.webex.com,WebEx
62.109.230.112,302,host,global-nebulaw.webex.com,WebEx
64.68.120.16,302,alias,ssh.webex.com,WebEx
64.68.120.16,302,alias,nebulaaa9.webex.com,WebEx
64.68.120.16,302,host,global-nebulaaa9.webex.com,WebEx
209.197.193.97,302,alias,st.webex.com,WebEx
209.197.193.97,302,alias,nebulas.webex.com,WebEx
209.197.193.97,302,host,global-nebulas.webex.com,WebEx
114.29.213.193,302,alias,staging.webex.com,WebEx
114.29.213.193,302,alias,nebulaas.webex.com,WebEx
114.29.213.193,302,host,global-nebulaas.webex.com,WebEx
114.29.213.193,302,alias,stat.webex.com,WebEx
114.29.213.193,302,alias,nebulaas.webex.com,WebEx
114.29.213.193,302,host,global-nebulaas.webex.com,WebEx
140.213.62.98,,alias,static.webex.com,AkamaiGHost
140.213.62.98,,alias,static.webex.com.edgesuite.net,AkamaiGHost
140.213.62.98,,host,a1445.g.akamai.net,AkamaiGHost
140.213.62.40,,host,a1445.g.akamai.net,AkamaiGHost
62.109.230.11,302,alias,statistics.webex.com,WebEx
62.109.230.11,302,alias,nebulaai.webex.com,WebEx
62.109.230.11,302,host,global-nebulaai.webex.com,WebEx
62.109.230.11,302,alias,stats.webex.com,WebEx
62.109.230.11,302,alias,nebulaai.webex.com,WebEx
62.109.230.11,302,host,global-nebulaai.webex.com,WebEx
13.59.223.205,301,alias,store.webex.com,nginx
13.59.223.205,301,host,squared-static.wbx2.com,nginx
13.59.223.204,301,host,squared-static.wbx2.com,nginx
13.59.223.206,301,host,squared-static.wbx2.com,nginx
13.59.223.207,301,host,squared-static.wbx2.com,nginx
62.109.230.11,302,alias,streaming.webex.com,WebEx
62.109.230.11,302,alias,nebulaai.webex.com,WebEx
62.109.230.11,302,host,global-nebulaai.webex.com,WebEx
173.243.0.150,302,alias,stronghold.webex.com,WebEx
173.243.0.150,302,alias,nebulaj.webex.com,WebEx
173.243.0.150,302,host,global-nebulaj.webex.com,WebEx
114.29.213.193,302,alias,sun.webex.com,WebEx
114.29.213.193,302,alias,nebulaas.webex.com,WebEx
114.29.213.193,302,host,global-nebulaas.webex.com,WebEx
66.114.168.203,302,alias,suppliers.webex.com,WebEx
66.114.168.203,302,alias,nebulaij.webex.com,WebEx
66.114.168.203,302,host,global-nebulaij.webex.com,WebEx
23.76.105.126,301,alias,support.webex.com,AkamaiGHost
23.76.105.126,301,alias,ipv6-www.webex.com.edgekey.net,AkamaiGHost
23.76.105.126,301,host,e119.dsca.akamaiedge.net,AkamaiGHost
64.68.105.105,302,alias,sw.webex.com,WebEx
64.68.105.105,302,alias,nebulaab9.webex.com,WebEx
64.68.105.105,302,host,global-nebulaab9.webex.com,WebEx
114.29.213.193,302,alias,sydney.webex.com,WebEx
114.29.213.193,302,alias,nebulaas.webex.com,WebEx
114.29.213.193,302,host,global-nebulaas.webex.com,WebEx
62.109.230.11,302,alias,sysback.webex.com,WebEx
62.109.230.11,302,alias,nebulaai.webex.com,WebEx
62.109.230.11,302,host,global-nebulaai.webex.com,WebEx
58.246.73.79,,host,sz.webex.com,
114.29.213.193,302,alias,t.webex.com,WebEx
114.29.213.193,302,alias,nebulaas.webex.com,WebEx
114.29.213.193,302,host,global-nebulaas.webex.com,WebEx
114.29.213.193,302,alias,talk.webex.com,WebEx
114.29.213.193,302,alias,nebulaas.webex.com,WebEx
114.29.213.193,302,host,global-nebulaas.webex.com,WebEx
209.197.193.90,302,alias,tc.webex.com,WebEx
209.197.193.90,302,alias,nebulab.webex.com,WebEx
209.197.193.90,302,host,global-nebulab.webex.com,WebEx
209.197.193.97,302,alias,team.webex.com,WebEx
209.197.193.97,302,alias,nebulas.webex.com,WebEx
209.197.193.97,302,host,global-nebulas.webex.com,WebEx
62.109.230.112,302,alias,tech.webex.com,WebEx
62.109.230.112,302,alias,nebulaw.webex.com,WebEx
62.109.230.112,302,host,global-nebulaw.webex.com,WebEx
62.109.230.112,302,alias,telephony.webex.com,WebEx
62.109.230.112,302,alias,nebulaw.webex.com,WebEx
62.109.230.112,302,host,global-nebulaw.webex.com,WebEx
62.109.230.11,302,alias,telnet.webex.com,WebEx
62.109.230.11,302,alias,nebulaai.webex.com,WebEx
62.109.230.11,302,host,global-nebulaai.webex.com,WebEx
66.114.168.199,302,alias,temp.webex.com,WebEx
66.114.168.199,302,alias,nebulaie.webex.com,WebEx
66.114.168.199,302,host,global-nebulaie.webex.com,WebEx
66.114.168.203,302,alias,testo.webex.com,WebEx
66.114.168.203,302,alias,nebulaij.webex.com,WebEx
66.114.168.203,302,host,global-nebulaij.webex.com,WebEx
62.109.230.11,302,alias,tftp.webex.com,WebEx
62.109.230.11,302,alias,nebulaai.webex.com,WebEx
62.109.230.11,302,host,global-nebulaai.webex.com,WebEx
62.109.230.11,302,alias,tg.webex.com,WebEx
62.109.230.11,302,alias,nebulaai.webex.com,WebEx
62.109.230.11,302,host,global-nebulaai.webex.com,WebEx
209.197.193.90,302,alias,th.webex.com,WebEx
209.197.193.90,302,alias,nebulab.webex.com,WebEx
209.197.193.90,302,host,global-nebulab.webex.com,WebEx
114.29.213.193,302,alias,titan.webex.com,WebEx
114.29.213.193,302,alias,nebulaas.webex.com,WebEx
114.29.213.193,302,host,global-nebulaas.webex.com,WebEx
114.29.213.193,302,alias,tk.webex.com,WebEx
114.29.213.193,302,alias,nebulaas.webex.com,WebEx
114.29.213.193,302,host,global-nebulaas.webex.com,WebEx
209.197.193.97,302,alias,tm.webex.com,WebEx
209.197.193.97,302,alias,nebulas.webex.com,WebEx
209.197.193.97,302,host,global-nebulas.webex.com,WebEx
64.68.120.16,302,alias,tn.webex.com,WebEx
64.68.120.16,302,alias,nebulaaa9.webex.com,WebEx
64.68.120.16,302,host,global-nebulaaa9.webex.com,WebEx
114.29.213.193,302,alias,tokyo.webex.com,WebEx
114.29.213.193,302,alias,nebulaas.webex.com,WebEx
114.29.213.193,302,host,global-nebulaas.webex.com,WebEx
62.109.230.11,302,alias,toledo.webex.com,WebEx
62.109.230.11,302,alias,nebulaai.webex.com,WebEx
62.109.230.11,302,host,global-nebulaai.webex.com,WebEx
209.197.193.97,302,alias,toronto.webex.com,WebEx
209.197.193.97,302,alias,nebulas.webex.com,WebEx
209.197.193.97,302,host,global-nebulas.webex.com,WebEx
114.29.213.193,302,alias,tp.webex.com,WebEx
114.29.213.193,302,alias,nebulaas.webex.com,WebEx
114.29.213.193,302,host,global-nebulaas.webex.com,WebEx
66.114.168.199,302,alias,train.webex.com,WebEx
66.114.168.199,302,alias,nebulaie.webex.com,WebEx
66.114.168.199,302,host,global-nebulaie.webex.com,WebEx
66.114.168.199,302,alias,training.webex.com,WebEx
66.114.168.199,302,alias,nebulaie.webex.com,WebEx
66.114.168.199,302,host,global-nebulaie.webex.com,WebEx
64.68.120.16,302,alias,trinity.webex.com,WebEx
64.68.120.16,302,alias,nebulaaa9.webex.com,WebEx
64.68.120.16,302,host,global-nebulaaa9.webex.com,WebEx
114.29.213.193,302,alias,ts.webex.com,WebEx
114.29.213.193,302,alias,nebulaas.webex.com,WebEx
114.29.213.193,302,host,global-nebulaas.webex.com,WebEx
64.68.105.105,302,alias,tt.webex.com,WebEx
64.68.105.105,302,alias,nebulaab9.webex.com,WebEx
64.68.105.105,302,host,global-nebulaab9.webex.com,WebEx
209.197.193.97,302,alias,tv.webex.com,WebEx
209.197.193.97,302,alias,nebulas.webex.com,WebEx
209.197.193.97,302,host,global-nebulas.webex.com,WebEx
114.29.213.193,302,alias,tw.webex.com,WebEx
114.29.213.193,302,alias,nebulaas.webex.com,WebEx
114.29.213.193,302,host,global-nebulaas.webex.com,WebEx
69.26.183.11,302,alias,tx.webex.com,WebEx
69.26.183.11,302,alias,nebulaap.webex.com,WebEx
69.26.183.11,302,host,global-nebulaap.webex.com,WebEx
62.109.230.112,302,alias,ua.webex.com,WebEx
62.109.230.112,302,alias,nebulaw.webex.com,WebEx
62.109.230.112,302,host,global-nebulaw.webex.com,WebEx
62.109.230.112,302,alias,ug.webex.com,WebEx
62.109.230.112,302,alias,nebulaw.webex.com,WebEx
62.109.230.112,302,host,global-nebulaw.webex.com,WebEx
62.109.230.112,302,alias,union.webex.com,WebEx
62.109.230.112,302,alias,nebulaw.webex.com,WebEx
62.109.230.112,302,host,global-nebulaw.webex.com,WebEx
209.197.193.95,302,alias,ups.webex.com,WebEx
209.197.193.95,302,alias,nebulae.webex.com,WebEx
209.197.193.95,302,host,global-nebulae.webex.com,WebEx
209.197.193.97,302,alias,us.webex.com,WebEx
209.197.193.97,302,alias,nebulas.webex.com,WebEx
209.197.193.97,302,host,global-nebulas.webex.com,WebEx
62.109.230.11,302,alias,uz.webex.com,WebEx
62.109.230.11,302,alias,nebulaai.webex.com,WebEx
62.109.230.11,302,host,global-nebulaai.webex.com,WebEx
66.114.168.199,302,alias,v.webex.com,WebEx
66.114.168.199,302,alias,nebulaie.webex.com,WebEx
66.114.168.199,302,host,global-nebulaie.webex.com,WebEx
62.109.230.112,302,alias,va.webex.com,WebEx
62.109.230.112,302,alias,nebulaw.webex.com,WebEx
62.109.230.112,302,host,global-nebulaw.webex.com,WebEx
62.109.230.11,302,alias,vc.webex.com,WebEx
62.109.230.11,302,alias,nebulaai.webex.com,WebEx
62.109.230.11,302,host,global-nebulaai.webex.com,WebEx
66.114.168.203,302,alias,vega.webex.com,WebEx
66.114.168.203,302,alias,nebulaij.webex.com,WebEx
66.114.168.203,302,host,global-nebulaij.webex.com,WebEx
62.109.230.11,302,alias,vg.webex.com,WebEx
62.109.230.11,302,alias,nebulaai.webex.com,WebEx
62.109.230.11,302,host,global-nebulaai.webex.com,WebEx
66.163.42.55,302,alias,video.webex.com,WebEx
66.163.42.55,302,alias,nebulabts1.webex.com,WebEx
66.163.42.55,302,host,global-nebulabt8.webex.com,WebEx
64.68.120.16,302,alias,viking.webex.com,WebEx
64.68.120.16,302,alias,nebulaaa9.webex.com,WebEx
64.68.120.16,302,host,global-nebulaaa9.webex.com,WebEx
209.197.193.90,302,alias,vip.webex.com,WebEx
209.197.193.90,302,alias,nebulab.webex.com,WebEx
209.197.193.90,302,host,global-nebulab.webex.com,WebEx
173.243.0.162,302,alias,virginia.webex.com,WebEx
173.243.0.162,302,alias,nebular.webex.com,WebEx
173.243.0.162,302,host,global-nebular.webex.com,WebEx
209.197.193.97,302,alias,vista.webex.com,WebEx
209.197.193.97,302,alias,nebulas.webex.com,WebEx
209.197.193.97,302,host,global-nebulas.webex.com,WebEx
66.114.168.199,302,alias,vmware.webex.com,WebEx
66.114.168.199,302,alias,nebulaie.webex.com,WebEx
66.114.168.199,302,host,global-nebulaie.webex.com,WebEx
173.243.0.154,302,alias,vnc.webex.com,WebEx
173.243.0.154,302,alias,nebulam.webex.com,WebEx
173.243.0.154,302,host,global-nebulam.webex.com,WebEx
208.8.81.10,,host,vpn.webex.com,
209.197.193.90,302,alias,vt.webex.com,WebEx
209.197.193.90,302,alias,nebulab.webex.com,WebEx
209.197.193.90,302,host,global-nebulab.webex.com,WebEx
69.26.183.11,302,alias,vu.webex.com,WebEx
69.26.183.11,302,alias,nebulaap.webex.com,WebEx
69.26.183.11,302,host,global-nebulaap.webex.com,WebEx
23.76.105.126,400,alias,w3.webex.com,AkamaiGHost
23.76.105.126,400,alias,try.webex.com,AkamaiGHost
23.76.105.126,400,alias,ipv6-www.webex.com.edgekey.net,AkamaiGHost
23.76.105.126,400,host,e119.dsca.akamaiedge.net,AkamaiGHost
209.197.193.97,302,alias,wam.webex.com,WebEx
209.197.193.97,302,alias,nebulas.webex.com,WebEx
209.197.193.97,302,host,global-nebulas.webex.com,WebEx
209.197.193.95,302,alias,wap.webex.com,WebEx
209.197.193.95,302,alias,nebulae.webex.com,WebEx
209.197.193.95,302,host,global-nebulae.webex.com,WebEx
13.227.252.128,301,alias,web.webex.com,CloudFront
13.227.252.128,301,host,d3l8kopw1d3uiv.cloudfront.net,CloudFront
13.227.252.13,301,host,d3l8kopw1d3uiv.cloudfront.net,CloudFront
13.227.252.95,301,host,d3l8kopw1d3uiv.cloudfront.net,CloudFront
13.227.252.19,301,host,d3l8kopw1d3uiv.cloudfront.net,CloudFront
114.29.213.193,302,alias,webcast.webex.com,WebEx
114.29.213.193,302,alias,nebulaas.webex.com,WebEx
114.29.213.193,302,host,global-nebulaas.webex.com,WebEx
64.68.124.169,,alias,webdev.webex.com,
64.68.124.169,,host,www2.webex.com,
62.109.230.112,302,alias,webhelp.webex.com,WebEx
62.109.230.112,302,alias,nebulaw.webex.com,WebEx
62.109.230.112,302,host,global-nebulaw.webex.com,WebEx
66.114.162.3,302,alias,webmail.webex.com,
66.114.162.3,302,host,nebulaats1.webex.com,
209.197.193.97,302,alias,webservices.webex.com,WebEx
209.197.193.97,302,alias,nebulas.webex.com,WebEx
209.197.193.97,302,host,global-nebulas.webex.com,WebEx
209.197.193.90,302,alias,welcome.webex.com,WebEx
209.197.193.90,302,alias,nebulab.webex.com,WebEx
209.197.193.90,302,host,global-nebulab.webex.com,WebEx
66.114.168.199,302,alias,west.webex.com,WebEx
66.114.168.199,302,alias,nebulaie.webex.com,WebEx
66.114.168.199,302,host,global-nebulaie.webex.com,WebEx
62.109.230.11,302,alias,white.webex.com,WebEx
62.109.230.11,302,alias,nebulaai.webex.com,WebEx
62.109.230.11,302,host,global-nebulaai.webex.com,WebEx
173.243.0.150,302,alias,wi.webex.com,WebEx
173.243.0.150,302,alias,nebulaj.webex.com,WebEx
173.243.0.150,302,host,global-nebulaj.webex.com,WebEx
209.197.193.90,302,alias,wiki.webex.com,WebEx
209.197.193.90,302,alias,nebulab.webex.com,WebEx
209.197.193.90,302,host,global-nebulab.webex.com,WebEx
62.109.230.11,302,alias,win.webex.com,WebEx
62.109.230.11,302,alias,nebulaai.webex.com,WebEx
62.109.230.11,302,host,global-nebulaai.webex.com,WebEx
62.109.230.11,302,alias,wins.webex.com,WebEx
62.109.230.11,302,alias,nebulaai.webex.com,WebEx
62.109.230.11,302,host,global-nebulaai.webex.com,WebEx
64.68.121.175,302,alias,wisconsin.webex.com,WebEx
64.68.121.175,302,alias,nebulaaw.webex.com,WebEx
64.68.121.175,302,host,global-nebulaaw.webex.com,WebEx
114.29.213.193,302,alias,world.webex.com,WebEx
114.29.213.193,302,alias,nebulaas.webex.com,WebEx
114.29.213.193,302,host,global-nebulaas.webex.com,WebEx
66.163.42.56,302,alias,write.webex.com,WebEx
66.163.42.56,302,host,nebulabts1-nongslb.webex.com,WebEx
62.109.231.1,302,alias,wv.webex.com,WebEx
62.109.231.1,302,alias,nebulabi.webex.com,WebEx
62.109.231.1,302,host,global-nebulabi.webex.com,WebEx
173.243.0.150,302,alias,ww.webex.com,WebEx
173.243.0.150,302,alias,nebulaj.webex.com,WebEx
173.243.0.150,302,host,global-nebulaj.webex.com,WebEx
23.76.105.126,301,alias,www.webex.com,AkamaiGHost
23.76.105.126,301,alias,all-www.webex.com.edgekey.net,AkamaiGHost
23.76.105.126,301,host,e119.dsca.akamaiedge.net,AkamaiGHost
64.68.124.165,,host,www1.webex.com,
64.68.124.169,,host,www2.webex.com,
13.35.13.118,200,alias,www3.webex.com,AmazonS3
13.35.13.118,200,host,d2j2j5azhfo53u.cloudfront.net,AmazonS3
13.35.13.58,200,host,d2j2j5azhfo53u.cloudfront.net,AmazonS3
13.35.13.48,200,host,d2j2j5azhfo53u.cloudfront.net,AmazonS3
13.35.13.39,200,host,d2j2j5azhfo53u.cloudfront.net,AmazonS3
62.109.230.112,302,alias,y.webex.com,WebEx
62.109.230.112,302,alias,nebulaw.webex.com,WebEx
62.109.230.112,302,host,global-nebulaw.webex.com,WebEx
114.29.213.193,302,alias,yt.webex.com,WebEx
114.29.213.193,302,alias,nebulaas.webex.com,WebEx
114.29.213.193,302,host,global-nebulaas.webex.com,WebEx
64.68.120.16,302,alias,zeus.webex.com,WebEx
64.68.120.16,302,alias,nebulaaa9.webex.com,WebEx
64.68.120.16,302,host,global-nebulaaa9.webex.com,WebEx
114.29.213.193,302,alias,zulu.webex.com,WebEx
114.29.213.193,302,alias,nebulaas.webex.com,WebEx
114.29.213.193,302,host,global-nebulaas.webex.com,WebEx
